Player,SEASON_ID,PPG,RPG,APG,BPG,SPG,TEAM_ABBREVIATION,PLAYER_AGE,GP,GS,MIN,FG_PCT,FG3_PCT,FTM,FTA,FT_PCT,Player,TOVPG,PFPG,FG3MPG,FG3APG,FGMPG,FGAPG,OREBPG
Julian Phillips,2023-24,2.22,0.9,0.32,0.18,0.18,CHI,20.0,40,0,323,0.416,0.316,13,19,0.684,Julian Phillips,0.25,1.0,0.3,0.95,0.8,1.92,0.3
Julian Phillips,2024-25,4.63,2.14,0.49,0.25,0.48,CHI,21.0,79,5,1123,0.446,0.327,60,76,0.789,Julian Phillips,0.34,1.4,0.63,1.94,1.62,3.63,0.85
Julian Phillips,2025-26,1.0,0.67,0.11,0.22,0.44,CHI,22.0,9,0,56,0.267,0.143,0,0,0.0,Julian Phillips,0.11,0.6,0.11,0.78,0.44,1.67,0.56
Jalen Pickett,2023-24,1.56,0.52,0.78,0.0,0.15,DEN,24.0,27,0,122,0.429,0.36,3,4,0.75,Jalen Pickett,0.33,0.5,0.33,0.93,0.56,1.3,0.04
Jalen Pickett,2024-25,4.08,1.45,2.18,0.1,0.39,DEN,25.0,49,4,666,0.428,0.396,6,8,0.75,Jalen Pickett,0.49,0.8,0.82,2.06,1.57,3.67,0.31
Jalen Pickett,2025-26,2.4,1.0,1.2,0.0,0.0,DEN,26.0,5,1,39,0.455,0.2,1,1,1.0,Jalen Pickett,0.4,0.6,0.2,1.0,1.0,2.2,0.2
Jamorko Pickett,2021-22,3.85,2.46,0.54,0.54,0.0,DET,24.0,13,0,176,0.36,0.333,1,2,0.5,Jamorko Pickett,0.38,0.9,1.0,3.0,1.38,3.85,0.46
Mickael Pietrus,2003-04,5.26,2.25,0.51,0.23,0.6,GSW,22.0,53,22,746,0.416,0.333,52,75,0.693,Mickael Pietrus,0.75,1.9,0.66,1.98,1.81,4.36,0.91
Mickael Pietrus,2004-05,9.49,2.82,1.22,0.27,0.69,GSW,23.0,67,3,1338,0.427,0.344,141,202,0.698,Mickael Pietrus,1.37,2.1,1.0,2.91,3.19,7.48,0.97
Mickael Pietrus,2005-06,9.25,3.13,0.85,0.19,0.63,GSW,24.0,52,18,1179,0.404,0.318,87,143,0.608,Mickael Pietrus,1.5,2.5,1.08,3.38,3.25,8.04,1.12
Mickael Pietrus,2006-07,11.12,4.54,0.86,0.76,0.67,GSW,25.0,72,38,1937,0.488,0.388,136,210,0.648,Mickael Pietrus,1.46,3.1,1.29,3.33,3.97,8.14,1.12
Mickael Pietrus,2007-08,7.15,3.67,0.74,0.65,1.0,GSW,26.0,66,16,1316,0.439,0.361,66,98,0.673,Mickael Pietrus,0.73,3.0,1.0,2.77,2.58,5.86,1.02
Mickael Pietrus,2008-09,9.44,3.26,1.2,0.44,0.57,ORL,27.0,54,25,1329,0.413,0.359,78,110,0.709,Mickael Pietrus,1.04,2.3,1.48,4.13,3.26,7.89,0.81
Mickael Pietrus,2009-10,8.68,2.87,0.65,0.41,0.71,ORL,28.0,75,24,1687,0.432,0.379,69,109,0.633,Mickael Pietrus,0.92,1.8,1.55,4.08,3.11,7.19,0.52
Mickael Pietrus,2010-11,6.68,2.63,0.53,0.16,0.53,ORL,29.0,19,0,418,0.391,0.391,3,6,0.5,Mickael Pietrus,0.74,1.8,1.79,4.58,2.37,6.05,0.32
Mickael Pietrus,2010-11,7.45,2.0,0.61,0.47,0.5,PHX,29.0,38,4,689,0.392,0.342,36,51,0.706,Mickael Pietrus,0.66,1.7,1.34,3.92,2.58,6.58,0.24
Mickael Pietrus,2010-11,7.19,2.21,0.58,0.37,0.51,TOT,29.0,57,4,1107,0.392,0.36,39,57,0.684,Mickael Pietrus,0.68,1.8,1.49,4.14,2.51,6.4,0.26
Mickael Pietrus,2011-12,6.88,3.1,0.6,0.24,0.5,BOS,30.0,42,6,921,0.385,0.335,20,31,0.645,Mickael Pietrus,0.79,1.9,1.45,4.33,2.48,6.43,0.43
Mickael Pietrus,2012-13,5.26,1.89,0.47,0.32,0.63,TOR,31.0,19,16,386,0.347,0.313,12,18,0.667,Mickael Pietrus,0.84,1.7,1.05,3.37,1.79,5.16,0.26
Theo Pinson,2018-19,4.5,2.0,1.17,0.0,0.33,BKN,23.0,18,0,211,0.342,0.261,19,22,0.864,Theo Pinson,1.0,0.8,0.67,2.56,1.39,4.06,0.22
Theo Pinson,2019-20,3.64,1.64,1.7,0.12,0.52,BKN,24.0,33,0,365,0.29,0.188,15,16,0.938,Theo Pinson,1.0,1.1,0.45,2.42,1.36,4.7,0.3
Theo Pinson,2020-21,0.12,0.29,0.06,0.0,0.0,NYK,25.0,17,0,34,0.111,0.0,0,0,0.0,Theo Pinson,0.06,0.2,0.0,0.47,0.06,0.53,0.0
Theo Pinson,2021-22,2.53,1.11,0.89,0.11,0.26,DAL,26.0,19,0,148,0.359,0.333,10,10,1.0,Theo Pinson,0.26,0.6,0.53,1.58,0.74,2.05,0.11
Theo Pinson,2022-23,2.38,1.58,1.15,0.02,0.15,DAL,27.0,40,1,323,0.356,0.355,11,13,0.846,Theo Pinson,0.3,0.8,0.55,1.55,0.78,2.17,0.25
Scotty Pippen Jr.,2022-23,2.33,0.67,0.33,0.17,0.33,LAL,22.0,6,0,32,0.333,0.333,5,9,0.556,Scotty Pippen Jr.,0.33,0.5,0.17,0.5,0.67,2.0,0.33
Scotty Pippen Jr.,2023-24,12.9,3.19,4.67,0.48,1.71,MEM,23.0,21,16,527,0.493,0.417,41,55,0.745,Scotty Pippen Jr.,2.67,2.9,1.43,3.43,4.76,9.67,1.05
Scotty Pippen Jr.,2024-25,9.86,3.28,4.39,0.38,1.3,MEM,24.0,79,21,1683,0.48,0.397,122,171,0.713,Scotty Pippen Jr.,1.75,2.6,1.1,2.77,3.61,7.52,0.82
Dexter Pittman,2010-11,1.0,1.5,0.0,0.0,0.0,MIA,23.0,2,0,11,0.333,0.0,0,0,0.0,Dexter Pittman,1.0,1.0,0.0,0.0,0.5,1.5,0.5
Dexter Pittman,2011-12,3.03,2.03,0.26,0.23,0.23,MIA,24.0,35,6,301,0.468,0.0,18,28,0.643,Dexter Pittman,0.49,2.1,0.0,0.0,1.26,2.69,0.77
Dexter Pittman,2012-13,1.5,1.75,0.0,0.0,0.0,MIA,25.0,4,0,12,0.6,0.0,0,0,0.0,Dexter Pittman,0.5,1.0,0.0,0.0,0.75,1.25,1.0
Dexter Pittman,2012-13,0.29,0.71,0.0,0.0,0.0,MEM,25.0,7,0,20,0.167,0.0,0,3,0.0,Dexter Pittman,0.14,0.6,0.0,0.0,0.14,0.86,0.43
Dexter Pittman,2012-13,0.73,1.09,0.0,0.0,0.0,TOT,25.0,11,0,32,0.364,0.0,0,3,0.0,Dexter Pittman,0.27,0.7,0.0,0.0,0.36,1.0,0.64
Dexter Pittman,2013-14,0.0,1.5,0.0,0.0,0.0,ATL,26.0,2,0,3,0.0,0.0,0,2,0.0,Dexter Pittman,0.0,0.0,0.0,0.0,0.0,0.5,1.5
Zoran Planinic,2003-04,3.12,1.12,1.39,0.06,0.27,NJN,21.0,49,1,471,0.411,0.281,38,60,0.633,Zoran Planinic,0.73,1.4,0.18,0.65,1.08,2.63,0.29
Zoran Planinic,2004-05,5.05,1.6,1.02,0.0,0.58,NJN,22.0,43,8,515,0.448,0.375,46,66,0.697,Zoran Planinic,0.95,1.8,0.35,0.93,1.81,4.05,0.44
Zoran Planinic,2005-06,3.41,1.32,0.95,0.07,0.36,NJN,23.0,56,1,596,0.361,0.232,46,66,0.697,Zoran Planinic,0.77,1.6,0.23,1.0,1.18,3.27,0.25
Tibor Pleiss,2015-16,2.0,1.25,0.17,0.17,0.08,UTA,26.0,12,0,82,0.44,0.0,2,2,1.0,Tibor Pleiss,0.67,1.6,0.0,0.17,0.92,2.08,0.5
Daeqwon Plowden,2024-25,7.17,1.83,0.33,0.0,0.0,ATL,26.0,6,0,72,0.64,0.529,2,2,1.0,Daeqwon Plowden,0.67,1.7,1.5,2.83,2.67,4.17,0.67
Marshall Plumlee,2016-17,1.9,2.43,0.48,0.19,0.19,NYK,24.0,21,1,170,0.533,0.0,8,19,0.421,Marshall Plumlee,0.57,1.1,0.0,0.0,0.76,1.43,1.1
Marshall Plumlee,2017-18,1.75,2.12,0.25,0.12,0.0,MIL,25.0,8,0,52,0.333,0.0,12,16,0.75,Marshall Plumlee,0.38,1.2,0.0,0.0,0.12,0.38,0.5
Mason Plumlee,2013-14,7.43,4.4,0.86,0.79,0.7,BKN,24.0,70,22,1275,0.659,0.0,122,195,0.626,Mason Plumlee,1.1,2.4,0.0,0.04,2.84,4.31,1.41
Mason Plumlee,2014-15,8.74,6.24,0.9,0.77,0.79,BKN,25.0,82,45,1743,0.573,0.0,157,317,0.495,Mason Plumlee,1.29,2.5,0.0,0.04,3.41,5.96,2.13
Mason Plumlee,2015-16,9.13,7.66,2.76,1.04,0.83,POR,26.0,82,82,2084,0.516,0.0,215,335,0.642,Mason Plumlee,1.88,3.1,0.0,0.05,3.26,6.3,2.45
Mason Plumlee,2016-17,11.06,8.0,3.96,1.17,0.93,POR,27.0,54,54,1516,0.532,0.0,127,224,0.567,Mason Plumlee,1.63,2.8,0.0,0.09,4.35,8.19,2.22
Mason Plumlee,2016-17,9.07,6.41,2.59,1.07,0.7,DEN,27.0,27,10,632,0.547,0.0,47,76,0.618,Mason Plumlee,1.7,2.9,0.0,0.04,3.67,6.7,1.85
Mason Plumlee,2016-17,10.4,7.47,3.51,1.14,0.85,TOT,27.0,81,64,2148,0.536,0.0,174,300,0.58,Mason Plumlee,1.65,2.8,0.0,0.07,4.12,7.69,2.1
Mason Plumlee,2017-18,7.08,5.41,1.92,1.09,0.66,DEN,28.0,74,26,1439,0.601,0.0,82,179,0.458,Mason Plumlee,1.38,2.5,0.0,0.01,2.99,4.97,1.78
Mason Plumlee,2018-19,7.77,6.39,2.96,0.93,0.8,DEN,29.0,82,17,1731,0.593,0.2,111,198,0.561,Mason Plumlee,1.54,3.1,0.02,0.12,3.2,5.39,2.01
Mason Plumlee,2019-20,7.16,5.2,2.52,0.62,0.54,DEN,30.0,61,1,1057,0.615,0.0,83,155,0.535,Mason Plumlee,1.34,2.3,0.0,0.08,2.9,4.72,1.61
Mason Plumlee,2020-21,10.38,9.27,3.61,0.89,0.77,DET,31.0,56,56,1499,0.614,0.0,113,169,0.669,Mason Plumlee,1.88,3.3,0.0,0.12,4.18,6.8,2.59
Mason Plumlee,2021-22,6.53,7.74,3.1,0.71,0.84,CHA,32.0,73,73,1793,0.641,0.0,67,171,0.392,Mason Plumlee,1.37,3.1,0.0,0.03,2.81,4.38,2.41
Mason Plumlee,2022-23,12.23,9.66,3.66,0.62,0.62,CHA,33.0,56,56,1596,0.669,0.0,155,256,0.605,Mason Plumlee,1.55,2.9,0.0,0.0,4.73,7.07,3.34
Mason Plumlee,2022-23,7.48,6.91,1.74,0.52,0.48,LAC,33.0,23,4,457,0.727,0.0,44,57,0.772,Mason Plumlee,1.3,2.4,0.0,0.0,2.78,3.83,1.83
Mason Plumlee,2022-23,10.85,8.86,3.1,0.59,0.58,TOT,33.0,79,60,2053,0.68,0.0,199,313,0.636,Mason Plumlee,1.48,2.7,0.0,0.0,4.16,6.13,2.9
Mason Plumlee,2023-24,5.3,5.09,1.2,0.37,0.3,LAC,34.0,46,11,674,0.569,0.0,70,99,0.707,Mason Plumlee,0.78,1.5,0.0,0.13,1.89,3.33,1.3
Mason Plumlee,2024-25,4.5,6.15,1.81,0.64,0.45,PHX,35.0,74,21,1300,0.619,0.0,83,128,0.648,Mason Plumlee,0.8,2.1,0.0,0.05,1.69,2.73,1.57
Mason Plumlee,2025-26,0.67,1.0,0.33,0.0,0.0,CHA,35.0,3,0,12,1.0,0.0,0,0,0.0,Mason Plumlee,0.33,0.3,0.0,0.0,0.33,0.33,0.0
Miles Plumlee,2012-13,0.93,1.57,0.14,0.21,0.0,IND,24.0,14,0,55,0.238,0.0,3,4,0.75,Miles Plumlee,0.21,0.4,0.0,0.0,0.36,1.5,0.86
Miles Plumlee,2013-14,8.07,7.82,0.54,1.12,0.62,PHX,25.0,80,79,1964,0.517,0.0,74,132,0.561,Miles Plumlee,1.39,2.3,0.0,0.0,3.58,6.91,2.48
Miles Plumlee,2014-15,4.31,5.07,0.5,1.02,0.65,PHX,26.0,54,28,1005,0.549,0.0,19,38,0.5,Miles Plumlee,0.83,1.8,0.0,0.0,1.98,3.61,1.76
Miles Plumlee,2014-15,3.21,2.42,0.37,0.58,0.32,MIL,26.0,19,0,189,0.492,0.0,3,8,0.375,Miles Plumlee,0.32,0.6,0.0,0.0,1.53,3.11,0.89
Miles Plumlee,2014-15,4.03,4.38,0.47,0.9,0.56,TOT,26.0,73,28,1194,0.535,0.0,22,46,0.478,Miles Plumlee,0.7,1.5,0.0,0.0,1.86,3.48,1.53
Miles Plumlee,2015-16,5.15,3.8,0.26,0.82,0.34,MIL,27.0,61,14,870,0.601,0.0,34,59,0.576,Miles Plumlee,0.66,1.2,0.0,0.0,2.3,3.82,1.54
Miles Plumlee,2016-17,2.56,1.66,0.56,0.28,0.34,MIL,28.0,32,12,310,0.441,0.0,22,35,0.629,Miles Plumlee,0.69,1.5,0.0,0.0,0.94,2.12,0.72
Miles Plumlee,2016-17,2.38,3.23,0.23,0.31,0.54,CHA,28.0,13,0,174,0.583,0.0,3,4,0.75,Miles Plumlee,0.62,1.9,0.0,0.0,1.08,1.85,1.15
Miles Plumlee,2016-17,2.51,2.11,0.47,0.29,0.4,TOT,28.0,45,12,485,0.478,0.0,25,39,0.641,Miles Plumlee,0.67,1.6,0.0,0.0,0.98,2.04,0.84
Miles Plumlee,2017-18,4.31,4.15,0.82,0.55,0.31,ATL,29.0,55,35,918,0.583,0.0,27,60,0.45,Miles Plumlee,1.15,1.4,0.0,0.0,1.91,3.27,1.4
Miles Plumlee,2018-19,4.44,2.17,0.94,0.22,0.33,ATL,30.0,18,0,173,0.667,0.0,16,30,0.533,Miles Plumlee,0.56,0.8,0.0,0.0,1.78,2.67,0.89
Brandin Podziemski,2023-24,9.22,5.77,3.69,0.19,0.82,GSW,21.0,74,28,1968,0.454,0.385,50,79,0.633,Brandin Podziemski,1.19,1.6,1.22,3.16,3.66,8.07,1.59
Brandin Podziemski,2024-25,11.67,5.08,3.44,0.2,1.08,GSW,22.0,64,33,1716,0.445,0.372,72,95,0.758,Brandin Podziemski,1.17,1.5,1.8,4.83,4.38,9.83,1.02
Brandin Podziemski,2025-26,12.0,4.67,3.08,0.25,1.33,GSW,22.0,12,7,341,0.452,0.364,20,26,0.769,Brandin Podziemski,1.33,2.4,1.67,4.58,4.33,9.58,0.5
Jakob Poeltl,2016-17,3.06,3.06,0.22,0.37,0.31,TOR,21.0,54,4,626,0.583,0.0,31,57,0.544,Jakob Poeltl,0.54,2.1,0.0,0.0,1.24,2.13,1.44
Jakob Poeltl,2017-18,6.91,4.79,0.7,1.22,0.48,TOR,22.0,82,0,1524,0.659,0.5,60,101,0.594,Jakob Poeltl,1.04,2.6,0.01,0.02,3.09,4.68,2.01
Jakob Poeltl,2018-19,5.49,5.32,1.21,0.88,0.38,SAS,23.0,77,24,1273,0.645,0.0,49,92,0.533,Jakob Poeltl,0.62,1.6,0.0,0.0,2.43,3.77,2.31
Jakob Poeltl,2019-20,5.64,5.68,1.76,1.44,0.56,SAS,24.0,66,18,1171,0.624,0.0,40,86,0.465,Jakob Poeltl,0.82,1.9,0.0,0.0,2.52,4.03,1.98
Jakob Poeltl,2020-21,8.59,7.93,1.94,1.78,0.68,SAS,25.0,69,51,1845,0.616,0.0,63,124,0.508,Jakob Poeltl,1.2,2.5,0.0,0.0,3.84,6.23,3.17
Jakob Poeltl,2021-22,13.46,9.32,2.78,1.74,0.66,SAS,26.0,68,67,1970,0.618,1.0,94,190,0.495,Jakob Poeltl,1.6,3.1,0.01,0.01,6.03,9.75,3.85
Jakob Poeltl,2022-23,12.09,9.04,3.07,1.13,0.78,SAS,27.0,46,46,1199,0.616,0.0,78,129,0.605,Jakob Poeltl,2.09,2.6,0.0,0.02,5.2,8.43,3.3
Jakob Poeltl,2022-23,13.12,9.12,2.15,1.31,1.15,TOR,27.0,26,25,707,0.652,0.0,41,72,0.569,Jakob Poeltl,1.12,3.0,0.0,0.0,5.77,8.85,3.23
Jakob Poeltl,2022-23,12.46,9.07,2.74,1.19,0.92,TOT,27.0,72,71,1906,0.629,0.0,119,201,0.592,Jakob Poeltl,1.74,2.7,0.0,0.01,5.4,8.58,3.28
Jakob Poeltl,2023-24,11.1,8.58,2.54,1.52,0.7,TOR,28.0,50,50,1319,0.656,0.0,59,107,0.551,Jakob Poeltl,1.54,3.0,0.0,0.0,4.96,7.56,2.92
Jakob Poeltl,2024-25,14.46,9.6,2.77,1.25,1.16,TOR,29.0,57,56,1686,0.627,0.333,97,144,0.674,Jakob Poeltl,1.95,3.1,0.02,0.05,6.37,10.16,3.32
Jakob Poeltl,2025-26,8.29,7.14,1.71,0.71,0.43,TOR,30.0,7,7,167,0.667,0.0,6,13,0.462,Jakob Poeltl,1.43,4.1,0.0,0.0,3.71,5.57,2.86
Vincent Poirier,2019-20,1.86,1.95,0.36,0.41,0.09,BOS,26.0,22,0,130,0.472,0.5,6,7,0.857,Vincent Poirier,0.36,1.1,0.05,0.09,0.77,1.64,0.59
Vincent Poirier,2020-21,0.8,1.4,0.2,0.3,0.0,PHI,27.0,10,0,39,0.25,0.0,2,6,0.333,Vincent Poirier,0.4,0.8,0.0,0.1,0.3,1.2,0.6
Aleksej Pokusevski,2020-21,8.16,4.71,2.16,0.93,0.44,OKC,19.0,45,28,1090,0.341,0.28,31,42,0.738,Aleksej Pokusevski,2.2,1.3,1.29,4.6,3.09,9.07,0.67
Aleksej Pokusevski,2021-22,7.61,5.21,2.15,0.62,0.64,OKC,20.0,61,12,1233,0.408,0.289,35,50,0.7,Aleksej Pokusevski,1.54,1.4,0.93,3.23,3.05,7.48,1.2
Aleksej Pokusevski,2022-23,8.12,4.68,1.88,1.26,0.59,OKC,21.0,34,25,701,0.434,0.365,22,35,0.629,Aleksej Pokusevski,1.26,1.7,1.12,3.06,3.18,7.32,1.32
Aleksej Pokusevski,2023-24,1.2,1.0,0.5,0.1,0.1,OKC,22.0,10,0,60,0.25,0.182,2,4,0.5,Aleksej Pokusevski,0.3,0.5,0.2,1.1,0.4,1.6,0.2
Aleksej Pokusevski,2023-24,7.44,4.39,1.67,0.67,0.78,CHA,22.0,18,0,345,0.429,0.364,28,37,0.757,Aleksej Pokusevski,0.89,0.9,0.89,2.44,2.5,5.83,0.83
Aleksej Pokusevski,2023-24,5.21,3.18,1.25,0.46,0.54,TOT,22.0,28,0,405,0.405,0.327,30,41,0.732,Aleksej Pokusevski,0.68,0.8,0.64,1.96,1.75,4.32,0.61
Quincy Pondexter,2010-11,2.85,1.33,0.42,0.15,0.26,NOH,23.0,66,6,734,0.406,0.36,24,34,0.706,Quincy Pondexter,0.24,1.0,0.27,0.76,1.11,2.73,0.35
Quincy Pondexter,2011-12,4.23,1.97,0.42,0.08,0.42,MEM,24.0,64,8,1002,0.452,0.301,33,53,0.623,Quincy Pondexter,0.47,1.4,0.34,1.14,1.69,3.73,0.86
Quincy Pondexter,2012-13,6.36,2.24,1.03,0.1,0.59,MEM,25.0,59,1,1243,0.428,0.395,59,75,0.787,Quincy Pondexter,0.71,1.6,1.02,2.58,2.17,5.07,0.73
Quincy Pondexter,2013-14,6.27,1.73,1.33,0.07,0.33,MEM,26.0,15,2,270,0.392,0.324,21,26,0.808,Quincy Pondexter,1.0,1.2,0.73,2.27,2.07,5.27,0.67
Quincy Pondexter,2014-15,4.47,1.9,0.93,0.17,0.17,MEM,27.0,30,2,540,0.356,0.233,21,30,0.7,Quincy Pondexter,0.33,1.6,0.57,2.43,1.6,4.5,0.67
Quincy Pondexter,2014-15,8.98,3.07,1.47,0.42,0.31,NOP,27.0,45,28,1253,0.449,0.433,50,66,0.758,Quincy Pondexter,0.91,2.3,1.64,3.8,3.11,6.93,0.73
Quincy Pondexter,2014-15,7.17,2.6,1.25,0.32,0.25,TOT,27.0,75,30,1793,0.421,0.373,71,96,0.74,Quincy Pondexter,0.68,2.0,1.21,3.25,2.51,5.96,0.71
Quincy Pondexter,2017-18,1.96,1.17,0.39,0.09,0.35,CHI,30.0,23,1,196,0.286,0.136,14,17,0.824,Quincy Pondexter,0.48,1.0,0.13,0.96,0.61,2.13,0.35
Quincy Pondexter,2018-19,1.85,0.87,0.45,0.02,0.21,SAS,31.0,53,0,292,0.5,0.333,34,42,0.81,Quincy Pondexter,0.25,0.5,0.11,0.34,0.55,1.09,0.15
Yves Pons,2021-22,1.08,1.0,0.08,0.33,0.08,MEM,23.0,12,0,71,0.313,0.333,0,2,0.0,Yves Pons,0.08,0.5,0.25,0.75,0.42,1.33,0.42
Jordan Poole,2019-20,8.82,2.07,2.35,0.18,0.61,GSW,21.0,57,14,1274,0.333,0.279,95,119,0.798,Jordan Poole,1.3,1.6,1.3,4.65,2.93,8.81,0.16
Jordan Poole,2020-21,12.0,1.8,1.94,0.18,0.51,GSW,22.0,51,7,988,0.432,0.351,105,119,0.882,Jordan Poole,1.0,1.7,1.9,5.41,4.02,9.29,0.29
Jordan Poole,2021-22,18.49,3.42,4.0,0.3,0.79,GSW,23.0,76,51,2283,0.448,0.364,246,266,0.925,Jordan Poole,2.46,2.7,2.78,7.63,6.24,13.92,0.45
Jordan Poole,2022-23,20.43,2.74,4.5,0.26,0.77,GSW,24.0,82,43,2458,0.43,0.336,361,415,0.87,Jordan Poole,3.07,2.6,2.61,7.77,6.71,15.59,0.39
Jordan Poole,2023-24,17.38,2.72,4.4,0.32,1.1,WAS,25.0,78,66,2346,0.413,0.326,192,219,0.877,Jordan Poole,2.41,3.1,2.36,7.23,6.28,15.21,0.41
Jordan Poole,2024-25,20.46,2.99,4.46,0.4,1.26,WAS,26.0,68,68,2001,0.432,0.378,242,274,0.883,Jordan Poole,3.0,3.0,3.46,9.15,6.72,15.54,0.46
Jordan Poole,2025-26,17.29,1.71,3.43,0.29,0.29,NOP,26.0,7,4,212,0.354,0.339,31,32,0.969,Jordan Poole,2.14,2.6,2.86,8.43,5.0,14.14,0.43
Chris Porter,2000-01,8.63,3.71,1.2,0.12,0.88,GSW,23.0,51,35,1147,0.389,0.0,94,141,0.667,Chris Porter,1.16,2.2,0.0,0.1,3.39,8.73,1.75
Jontay Porter,2020-21,2.0,1.27,0.09,0.09,0.27,MEM,21.0,11,0,54,0.533,0.375,3,5,0.6,Jontay Porter,0.64,1.1,0.27,0.73,0.73,1.36,0.36
Jontay Porter,2023-24,4.42,3.15,2.31,0.77,0.77,TOR,24.0,26,5,360,0.385,0.333,15,18,0.833,Jontay Porter,0.81,1.3,0.77,2.31,1.54,4.0,1.0
Craig Porter Jr.,2023-24,5.59,2.14,2.31,0.29,0.41,CLE,24.0,51,6,649,0.509,0.353,41,56,0.732,Craig Porter Jr.,0.88,0.8,0.24,0.67,2.27,4.47,0.41
Craig Porter Jr.,2024-25,3.69,1.31,1.39,0.29,0.33,CLE,25.0,51,1,513,0.514,0.438,23,32,0.719,Craig Porter Jr.,0.75,0.5,0.41,0.94,1.41,2.75,0.37
Craig Porter Jr.,2025-26,4.09,3.0,2.0,0.18,0.82,CLE,25.0,11,0,169,0.474,0.333,3,7,0.429,Craig Porter Jr.,0.82,1.0,0.55,1.64,1.64,3.45,1.45
Kevin Porter Jr.,2019-20,9.96,3.24,2.18,0.28,0.92,CLE,20.0,50,3,1162,0.442,0.335,73,101,0.723,Kevin Porter Jr.,1.86,2.7,1.06,3.16,3.72,8.42,0.44
Kevin Porter Jr.,2020-21,16.58,3.81,6.31,0.31,0.73,HOU,21.0,26,23,836,0.425,0.311,69,94,0.734,Kevin Porter Jr.,3.5,2.3,1.92,6.19,6.0,14.12,0.77
Kevin Porter Jr.,2021-22,15.56,4.38,6.16,0.36,1.13,HOU,22.0,61,61,1907,0.415,0.375,124,193,0.642,Kevin Porter Jr.,3.15,2.6,2.54,6.77,5.49,13.25,0.7
Kevin Porter Jr.,2022-23,19.15,5.32,5.73,0.29,1.39,HOU,23.0,59,59,2024,0.442,0.366,207,264,0.784,Kevin Porter Jr.,3.19,2.6,2.39,6.53,6.63,14.98,1.29
Kevin Porter Jr.,2024-25,9.31,3.56,3.2,0.24,0.96,LAC,25.0,45,2,884,0.423,0.245,49,76,0.645,Kevin Porter Jr.,1.87,1.6,0.58,2.36,3.82,9.04,0.64
Kevin Porter Jr.,2024-25,11.73,3.93,3.73,0.07,1.27,MIL,25.0,30,2,598,0.494,0.408,81,93,0.871,Kevin Porter Jr.,1.73,1.6,0.97,2.37,4.03,8.17,0.43
Kevin Porter Jr.,2024-25,10.28,3.71,3.41,0.17,1.08,TOT,25.0,75,4,1482,0.449,0.311,130,169,0.769,Kevin Porter Jr.,1.81,1.6,0.73,2.36,3.91,8.69,0.56
Kevin Porter Jr.,2025-26,10.0,0.0,2.0,0.0,1.0,MIL,25.0,1,1,9,0.6,0.667,2,2,1.0,Kevin Porter Jr.,0.0,0.0,2.0,3.0,3.0,5.0,0.0
Michael Porter Jr.,2019-20,9.31,4.71,0.84,0.45,0.49,DEN,22.0,55,8,903,0.509,0.422,60,72,0.833,Michael Porter Jr.,0.89,1.8,1.13,2.67,3.55,6.96,1.2
Michael Porter Jr.,2020-21,19.05,7.3,1.15,0.89,0.66,DEN,23.0,61,54,1912,0.542,0.445,106,134,0.791,Michael Porter Jr.,1.26,2.1,2.79,6.26,7.26,13.39,1.49
Michael Porter Jr.,2021-22,9.89,6.56,1.89,0.22,1.11,DEN,24.0,9,9,265,0.359,0.208,5,9,0.556,Michael Porter Jr.,1.33,1.8,1.11,5.33,4.11,11.44,1.0
Michael Porter Jr.,2022-23,17.42,5.5,1.05,0.47,0.6,DEN,25.0,62,62,1798,0.487,0.414,96,120,0.8,Michael Porter Jr.,1.1,1.9,3.03,7.32,6.42,13.18,1.03
Michael Porter Jr.,2023-24,16.74,6.98,1.51,0.65,0.52,DEN,26.0,81,81,2565,0.484,0.397,92,110,0.836,Michael Porter Jr.,1.14,1.8,2.72,6.84,6.44,13.32,1.31
Michael Porter Jr.,2024-25,18.16,7.01,2.14,0.49,0.65,DEN,27.0,77,77,2593,0.504,0.395,149,194,0.768,Michael Porter Jr.,1.35,2.0,2.51,6.35,6.86,13.61,1.79
Michael Porter Jr.,2025-26,23.1,7.4,2.6,0.2,0.7,BKN,27.0,10,10,320,0.463,0.356,36,43,0.837,Michael Porter Jr.,2.6,2.4,3.1,8.7,8.2,17.7,1.2
Otto Porter Jr.,2013-14,2.11,1.54,0.27,0.03,0.22,WAS,21.0,37,0,319,0.363,0.19,8,12,0.667,Otto Porter Jr.,0.38,0.7,0.11,0.57,0.89,2.46,0.57
Otto Porter Jr.,2014-15,6.01,2.99,0.88,0.41,0.59,WAS,22.0,74,13,1432,0.45,0.337,58,79,0.734,Otto Porter Jr.,0.7,1.3,0.47,1.41,2.38,5.28,0.95
Otto Porter Jr.,2015-16,11.61,5.21,1.6,0.43,1.4,WAS,23.0,75,73,2276,0.473,0.367,95,126,0.754,Otto Porter Jr.,0.93,2.2,1.31,3.56,4.52,9.56,1.29
Otto Porter Jr.,2016-17,13.44,6.42,1.51,0.52,1.45,WAS,24.0,80,80,2605,0.516,0.434,99,119,0.832,Otto Porter Jr.,0.55,2.4,1.85,4.26,5.18,10.04,1.48
Otto Porter Jr.,2017-18,14.73,6.39,2.04,0.53,1.51,WAS,25.0,77,77,2432,0.503,0.441,106,128,0.828,Otto Porter Jr.,0.97,2.0,1.79,4.06,5.78,11.49,1.34
Otto Porter Jr.,2018-19,12.63,5.63,1.95,0.54,1.56,WAS,26.0,41,28,1191,0.457,0.369,49,64,0.766,Otto Porter Jr.,0.98,1.9,1.59,4.29,4.93,10.78,0.98
Otto Porter Jr.,2018-19,17.47,5.53,2.67,0.6,1.2,CHI,26.0,15,15,492,0.483,0.488,29,32,0.906,Otto Porter Jr.,1.67,1.9,2.6,5.33,6.47,13.4,0.93
Otto Porter Jr.,2018-19,13.93,5.61,2.14,0.55,1.46,TOT,26.0,56,43,1684,0.465,0.406,78,96,0.813,Otto Porter Jr.,1.16,1.9,1.86,4.57,5.34,11.48,0.96
Otto Porter Jr.,2019-20,11.93,3.43,1.79,0.43,1.07,CHI,27.0,14,9,331,0.443,0.387,19,27,0.704,Otto Porter Jr.,0.79,2.2,1.71,4.43,4.43,10.0,0.93
Otto Porter Jr.,2020-21,9.88,5.52,2.0,0.16,0.48,CHI,28.0,25,6,540,0.441,0.4,31,37,0.838,Otto Porter Jr.,1.0,1.5,1.52,3.8,3.56,8.08,1.12
Otto Porter Jr.,2020-21,8.0,4.67,1.67,0.0,1.33,ORL,28.0,3,0,66,0.36,0.111,5,5,1.0,Otto Porter Jr.,0.0,1.3,0.33,3.0,3.0,8.33,0.0
Otto Porter Jr.,2020-21,9.68,5.43,1.96,0.14,0.57,TOT,28.0,28,6,607,0.432,0.375,36,42,0.857,Otto Porter Jr.,0.89,1.5,1.39,3.71,3.5,8.11,1.0
Otto Porter Jr.,2021-22,8.17,5.75,1.49,0.46,1.08,GSW,29.0,63,15,1396,0.464,0.37,49,61,0.803,Otto Porter Jr.,0.59,1.3,1.27,3.43,3.06,6.6,1.37
Otto Porter Jr.,2022-23,5.5,2.38,1.0,0.0,1.38,TOR,30.0,8,2,146,0.5,0.353,8,8,1.0,Otto Porter Jr.,0.5,0.9,0.75,2.12,1.88,3.75,0.75
Otto Porter Jr.,2023-24,2.6,1.93,0.53,0.33,0.33,TOR,31.0,15,1,174,0.424,0.348,3,3,1.0,Otto Porter Jr.,0.13,1.3,0.53,1.53,0.93,2.2,0.4
Bobby Portis,2015-16,7.03,5.44,0.84,0.35,0.4,CHI,21.0,62,4,1102,0.427,0.308,48,66,0.727,Bobby Portis,0.87,1.6,0.26,0.84,3.0,7.03,1.98
Bobby Portis,2016-17,6.83,4.62,0.55,0.17,0.25,CHI,22.0,64,13,1001,0.488,0.333,39,59,0.661,Bobby Portis,0.58,1.5,0.5,1.5,2.86,5.86,1.17
Bobby Portis,2017-18,13.21,6.82,1.68,0.32,0.68,CHI,23.0,73,4,1643,0.471,0.359,120,156,0.769,Bobby Portis,1.41,1.8,1.1,3.05,5.23,11.11,2.18
Bobby Portis,2018-19,14.09,7.32,1.32,0.36,0.5,CHI,24.0,22,6,531,0.45,0.375,39,50,0.78,Bobby Portis,1.32,2.8,1.23,3.27,5.55,12.32,2.09
Bobby Portis,2018-19,14.29,8.64,1.54,0.43,0.86,WAS,24.0,28,22,768,0.44,0.403,38,47,0.809,Bobby Portis,1.61,3.0,1.71,4.25,5.61,12.75,2.25
Bobby Portis,2018-19,14.2,8.06,1.44,0.4,0.7,TOT,24.0,50,28,1298,0.444,0.393,77,97,0.794,Bobby Portis,1.48,2.9,1.5,3.82,5.58,12.56,2.18
Bobby Portis,2019-20,10.12,5.12,1.48,0.27,0.48,NYK,25.0,66,5,1394,0.45,0.358,71,93,0.763,Bobby Portis,1.11,1.7,1.02,2.83,4.02,8.92,1.21
Bobby Portis,2020-21,11.42,7.06,1.08,0.39,0.79,MIL,26.0,66,7,1372,0.523,0.471,54,73,0.74,Bobby Portis,0.85,1.7,1.12,2.38,4.74,9.06,1.88
Bobby Portis,2021-22,14.61,9.12,1.19,0.71,0.74,MIL,27.0,72,59,2028,0.479,0.393,85,113,0.752,Bobby Portis,1.25,2.4,1.85,4.69,5.79,12.1,2.5
Bobby Portis,2022-23,14.1,9.6,1.5,0.23,0.41,MIL,28.0,70,22,1818,0.496,0.37,96,125,0.768,Bobby Portis,1.16,1.6,1.36,3.67,5.69,11.47,2.2
Bobby Portis,2023-24,13.78,7.4,1.27,0.41,0.83,MIL,29.0,82,4,2008,0.508,0.407,98,124,0.79,Bobby Portis,1.11,2.3,1.22,3.0,5.68,11.2,1.73
Bobby Portis,2024-25,13.88,8.39,2.12,0.53,0.71,MIL,30.0,49,7,1244,0.466,0.365,61,73,0.836,Bobby Portis,1.16,1.9,1.33,3.63,5.65,12.14,1.84
Bobby Portis,2025-26,9.18,5.36,1.36,0.09,0.36,MIL,30.0,11,0,226,0.456,0.405,4,6,0.667,Bobby Portis,1.18,1.5,1.36,3.36,3.73,8.18,1.0
Kristaps Porziņģis,2015-16,14.28,7.31,1.31,1.86,0.74,NYK,20.0,72,72,2047,0.421,0.333,201,240,0.838,Kristaps Porziņģis,1.68,2.8,1.12,3.38,5.18,12.31,1.83
Kristaps Porziņģis,2016-17,18.12,7.2,1.47,1.95,0.71,NYK,21.0,66,65,2164,0.45,0.357,198,252,0.786,Kristaps Porziņģis,1.79,3.7,1.7,4.76,6.71,14.92,1.68
Kristaps Porziņģis,2017-18,22.67,6.58,1.19,2.4,0.75,NYK,22.0,48,48,1553,0.439,0.395,218,275,0.793,Kristaps Porziņģis,1.94,2.9,1.88,4.75,8.12,18.52,1.29
Kristaps Porziņģis,2019-20,20.42,9.47,1.79,2.02,0.72,DAL,24.0,57,57,1814,0.427,0.352,226,283,0.799,Kristaps Porziņģis,1.61,3.2,2.49,7.07,6.98,16.35,1.75
Kristaps Porziņģis,2020-21,20.12,8.86,1.58,1.35,0.47,DAL,25.0,43,43,1327,0.476,0.376,118,138,0.855,Kristaps Porziņģis,1.19,2.7,2.26,6.0,7.56,15.88,1.91
Kristaps Porziņģis,2021-22,19.24,7.68,2.03,1.74,0.74,DAL,26.0,34,34,1002,0.451,0.283,147,170,0.865,Kristaps Porziņģis,1.56,2.6,1.44,5.09,6.74,14.94,1.88
Kristaps Porziņģis,2021-22,22.12,8.82,2.94,1.47,0.71,WAS,26.0,17,17,479,0.475,0.367,101,116,0.871,Kristaps Porziņģis,1.65,2.9,1.71,4.65,7.24,15.24,2.24
Kristaps Porziņģis,2021-22,20.2,8.06,2.33,1.65,0.73,TOT,26.0,51,51,1481,0.459,0.31,248,286,0.867,Kristaps Porziņģis,1.59,2.7,1.53,4.94,6.9,15.04,2.0
Kristaps Porziņģis,2022-23,23.15,8.4,2.68,1.54,0.89,WAS,27.0,65,65,2120,0.498,0.385,354,416,0.851,Kristaps Porziņģis,2.11,3.0,2.11,5.48,7.8,15.66,1.75
Kristaps Porziņģis,2023-24,20.09,7.18,2.02,1.95,0.74,BOS,28.0,57,57,1690,0.516,0.375,259,302,0.858,Kristaps Porziņģis,1.56,2.7,1.93,5.14,6.81,13.19,1.7
Kristaps Porziņģis,2024-25,19.48,6.76,2.07,1.5,0.74,BOS,29.0,42,42,1210,0.483,0.412,161,199,0.809,Kristaps Porziņģis,1.26,2.8,2.45,5.95,6.6,13.67,1.62
Kristaps Porziņģis,2025-26,17.88,5.88,3.38,1.5,0.62,ATL,30.0,8,8,209,0.431,0.3,43,49,0.878,Kristaps Porziņģis,1.12,3.1,1.5,5.0,5.5,12.75,2.0
James Posey,1999-00,8.17,3.91,1.8,0.41,1.21,DEN,23.0,81,77,2052,0.429,0.373,120,150,0.8,James Posey,1.17,2.6,1.01,2.72,2.84,6.62,1.05
James Posey,2000-01,8.12,5.26,1.99,0.49,1.13,DEN,24.0,82,82,2255,0.412,0.3,115,141,0.816,James Posey,1.24,2.8,0.79,2.65,2.96,7.2,1.52
James Posey,2001-02,10.71,5.88,2.47,0.53,1.56,DEN,25.0,73,63,2243,0.376,0.283,161,203,0.793,James Posey,1.74,3.1,0.92,3.25,3.79,10.08,1.49
James Posey,2002-03,14.08,5.8,3.12,0.24,1.16,DEN,26.0,25,24,872,0.373,0.273,86,102,0.843,James Posey,2.64,2.5,0.96,3.52,4.84,12.96,1.52
James Posey,2002-03,9.33,4.84,1.83,0.16,1.33,HOU,26.0,58,47,1646,0.439,0.326,119,144,0.826,James Posey,1.34,2.3,0.79,2.43,3.24,7.38,0.9
James Posey,2002-03,10.76,5.13,2.22,0.18,1.28,TOT,26.0,83,71,2518,0.411,0.306,205,246,0.833,James Posey,1.73,2.4,0.84,2.76,3.72,9.06,1.08
James Posey,2003-04,13.73,4.91,1.49,0.49,1.67,MEM,27.0,82,82,2448,0.478,0.386,278,335,0.83,James Posey,1.37,3.0,1.37,3.54,4.49,9.39,1.12
James Posey,2004-05,8.1,4.38,1.76,0.46,0.96,MEM,28.0,50,18,1383,0.357,0.309,96,111,0.865,James Posey,1.38,2.7,1.1,3.56,2.54,7.12,0.9
James Posey,2005-06,7.21,4.76,1.33,0.3,0.81,MIA,29.0,67,63,1914,0.403,0.403,48,61,0.787,James Posey,0.87,2.9,1.75,4.33,2.37,5.9,0.49
James Posey,2006-07,7.75,5.03,1.32,0.32,1.0,MIA,30.0,71,19,1919,0.431,0.375,81,98,0.827,James Posey,0.77,2.7,1.37,3.65,2.62,6.08,0.93
James Posey,2007-08,7.36,4.35,1.54,0.26,0.97,BOS,31.0,74,2,1821,0.418,0.38,93,115,0.809,James Posey,0.88,2.5,1.43,3.77,2.34,5.59,0.41
James Posey,2008-09,8.91,4.83,1.09,0.28,0.77,NOH,32.0,75,0,2140,0.412,0.369,120,146,0.822,James Posey,1.05,2.9,1.55,4.19,2.88,6.99,0.51
James Posey,2009-10,5.18,4.27,1.52,0.25,0.55,NOH,33.0,77,2,1731,0.365,0.335,66,80,0.825,James Posey,0.66,2.6,1.05,3.14,1.64,4.48,0.42
James Posey,2010-11,4.9,3.0,0.69,0.12,0.49,IND,34.0,49,0,839,0.336,0.316,11,15,0.733,James Posey,0.49,2.1,1.37,4.33,1.65,4.92,0.2
Quinten Post,2024-25,8.1,3.52,1.33,0.43,0.38,GSW,25.0,42,14,686,0.449,0.408,21,27,0.778,Quinten Post,0.79,2.0,1.74,4.26,2.93,6.52,0.83
Quinten Post,2025-26,6.33,4.08,1.08,0.67,0.42,GSW,25.0,12,7,192,0.459,0.372,4,5,0.8,Quinten Post,0.67,1.3,1.33,3.58,2.33,5.08,0.92
Lavor Postell,2000-01,2.27,0.96,0.19,0.08,0.15,NYK,23.0,26,0,169,0.315,0.273,22,27,0.815,Lavor Postell,0.65,0.5,0.12,0.42,0.65,2.08,0.31
Lavor Postell,2001-02,4.04,0.7,0.22,0.0,0.26,NYK,24.0,23,0,178,0.333,0.231,31,41,0.756,Lavor Postell,0.48,0.3,0.26,1.13,1.22,3.65,0.09
Lavor Postell,2002-03,3.58,0.33,0.25,0.0,0.17,NYK,25.0,12,0,98,0.368,0.286,13,15,0.867,Lavor Postell,0.58,0.8,0.17,0.58,1.17,3.17,0.08
Micah Potter,2021-22,4.0,3.0,0.0,0.33,0.33,DET,24.0,3,0,31,0.455,0.0,2,2,1.0,Micah Potter,0.33,1.3,0.0,0.67,1.67,3.67,1.33
Micah Potter,2022-23,3.43,2.29,0.57,0.0,0.14,UTA,25.0,7,0,52,0.667,0.571,0,0,0.0,Micah Potter,0.29,0.7,0.57,1.0,1.43,2.14,0.43
Micah Potter,2023-24,3.31,2.69,0.38,0.38,0.25,UTA,26.0,16,0,186,0.475,0.429,6,8,0.75,Micah Potter,0.31,0.9,0.56,1.31,1.19,2.5,0.62
Micah Potter,2024-25,4.26,4.32,0.82,0.37,0.37,UTA,27.0,38,10,705,0.422,0.316,17,20,0.85,Micah Potter,0.82,1.3,0.82,2.58,1.5,3.55,1.13
Leon Powe,2006-07,4.19,3.41,0.16,0.35,0.22,BOS,23.0,63,2,720,0.446,0.0,106,144,0.736,Leon Powe,0.75,1.7,0.0,0.03,1.25,2.81,1.54
Leon Powe,2007-08,7.95,4.05,0.27,0.29,0.27,BOS,24.0,56,5,809,0.572,0.0,137,193,0.71,Leon Powe,0.77,2.3,0.0,0.02,2.75,4.8,1.7
Leon Powe,2008-09,7.69,4.93,0.66,0.54,0.34,BOS,25.0,70,7,1227,0.524,0.0,184,267,0.689,Leon Powe,1.09,2.7,0.0,0.0,2.53,4.83,2.07
Leon Powe,2009-10,3.95,3.05,0.0,0.1,0.3,CLE,26.0,20,2,236,0.429,0.0,37,63,0.587,Leon Powe,0.55,1.8,0.0,0.0,1.05,2.45,0.95
Leon Powe,2010-11,5.0,2.71,0.14,0.21,0.5,CLE,27.0,14,3,187,0.492,0.0,12,26,0.462,Leon Powe,0.36,1.4,0.0,0.0,2.07,4.21,1.14
Leon Powe,2010-11,5.5,1.56,0.31,0.06,0.19,MEM,27.0,16,0,141,0.5,0.0,28,46,0.609,Leon Powe,0.44,1.5,0.0,0.12,1.88,3.75,0.5
Leon Powe,2010-11,5.27,2.1,0.23,0.13,0.33,TOT,27.0,30,3,328,0.496,0.0,40,72,0.556,Leon Powe,0.4,1.5,0.0,0.07,1.97,3.97,0.8
Josh Powell,2005-06,2.97,2.19,0.24,0.11,0.19,DAL,23.0,37,2,429,0.457,0.0,36,45,0.8,Josh Powell,0.59,1.4,0.0,0.0,1.0,2.19,0.76
Josh Powell,2006-07,1.71,2.71,0.43,0.0,0.0,IND,24.0,7,0,64,0.133,0.0,8,12,0.667,Josh Powell,0.71,2.6,0.0,0.0,0.29,2.14,1.0
Josh Powell,2006-07,3.47,2.3,0.6,0.4,0.17,GSW,24.0,30,0,289,0.526,0.0,22,30,0.733,Josh Powell,0.8,1.4,0.0,0.0,1.37,2.6,0.57
Josh Powell,2006-07,3.14,2.38,0.57,0.32,0.14,TOT,24.0,37,0,353,0.462,0.0,30,42,0.714,Josh Powell,0.78,1.6,0.0,0.0,1.16,2.51,0.65
Josh Powell,2007-08,5.52,5.17,0.73,0.36,0.22,LAC,25.0,64,25,1228,0.46,0.0,63,87,0.724,Josh Powell,1.02,2.0,0.0,0.05,2.27,4.92,1.8
Josh Powell,2008-09,4.17,2.93,0.45,0.28,0.15,LAL,26.0,60,1,703,0.444,0.0,38,50,0.76,Josh Powell,0.85,1.6,0.0,0.0,1.77,3.98,1.18
Josh Powell,2009-10,2.68,1.84,0.56,0.1,0.14,LAL,27.0,63,0,581,0.366,0.438,20,31,0.645,Josh Powell,0.52,1.1,0.11,0.25,1.13,3.08,0.7
Josh Powell,2010-11,4.15,2.5,0.41,0.09,0.09,ATL,28.0,54,0,653,0.452,0.0,36,45,0.8,Josh Powell,0.98,1.4,0.0,0.02,1.74,3.85,0.91
Josh Powell,2013-14,4.0,5.0,0.0,1.0,0.0,HOU,31.0,1,0,19,0.333,0.0,0,0,0.0,Josh Powell,1.0,1.0,0.0,0.0,2.0,6.0,0.0
Kasib Powell,2007-08,7.64,4.0,1.64,0.18,0.82,MIA,27.0,11,4,304,0.368,0.242,6,9,0.667,Kasib Powell,0.45,1.6,0.73,3.0,3.18,8.64,0.73
Myles Powell,2021-22,1.18,0.55,0.27,0.0,0.09,PHI,24.0,11,0,52,0.294,0.167,2,2,1.0,Myles Powell,0.27,0.7,0.09,0.55,0.45,1.55,0.09
Norman Powell,2015-16,5.57,2.27,0.96,0.2,0.59,TOR,23.0,49,24,725,0.424,0.404,43,53,0.811,Norman Powell,0.65,1.2,0.73,1.82,1.98,4.67,0.33
Norman Powell,2016-17,8.37,2.22,1.08,0.18,0.68,TOR,24.0,76,18,1368,0.449,0.324,126,159,0.792,Norman Powell,0.92,1.7,0.74,2.28,2.99,6.66,0.34
Norman Powell,2017-18,5.5,1.7,1.27,0.23,0.53,TOR,25.0,70,18,1062,0.401,0.285,32,39,0.821,Norman Powell,0.94,1.6,0.76,2.66,2.14,5.34,0.2
Norman Powell,2018-19,8.6,2.32,1.52,0.22,0.65,TOR,26.0,60,3,1126,0.483,0.4,62,75,0.827,Norman Powell,1.08,1.6,1.13,2.83,3.22,6.67,0.27
Norman Powell,2019-20,15.96,3.65,1.75,0.4,1.15,TOR,27.0,52,26,1479,0.495,0.399,129,153,0.843,Norman Powell,1.48,2.1,2.1,5.25,5.69,11.5,0.5
Norman Powell,2020-21,19.6,3.0,1.83,0.19,1.12,TOR,28.0,42,31,1277,0.498,0.439,141,163,0.865,Norman Powell,1.83,2.3,2.81,6.4,6.71,13.48,0.45
Norman Powell,2020-21,17.04,3.3,1.93,0.37,1.3,POR,28.0,27,27,928,0.443,0.361,95,108,0.88,Norman Powell,1.56,2.3,1.96,5.44,5.78,13.04,0.85
Norman Powell,2020-21,18.59,3.12,1.87,0.26,1.19,TOT,28.0,69,58,2206,0.477,0.411,236,271,0.871,Norman Powell,1.72,2.3,2.48,6.03,6.35,13.3,0.61
Norman Powell,2021-22,18.65,3.28,2.05,0.42,1.0,POR,29.0,40,39,1333,0.456,0.406,159,198,0.803,Norman Powell,1.55,2.3,2.33,5.72,6.18,13.55,0.42
Norman Powell,2021-22,21.4,2.8,2.8,0.8,0.4,LAC,29.0,5,2,125,0.508,0.542,30,35,0.857,Norman Powell,1.4,2.8,2.6,4.8,6.4,12.6,0.6
Norman Powell,2021-22,18.96,3.22,2.13,0.47,0.93,TOT,29.0,45,41,1458,0.461,0.419,189,233,0.811,Norman Powell,1.53,2.4,2.36,5.62,6.2,13.44,0.44
Norman Powell,2022-23,16.98,2.92,1.82,0.3,0.83,LAC,30.0,60,8,1567,0.479,0.397,225,277,0.812,Norman Powell,1.68,2.1,1.9,4.78,5.67,11.83,0.4
Norman Powell,2023-24,13.89,2.57,1.08,0.29,0.57,LAC,31.0,76,3,1990,0.486,0.435,143,172,0.831,Norman Powell,0.87,1.8,2.2,5.05,4.91,10.11,0.21
Norman Powell,2024-25,21.77,3.17,2.08,0.15,1.22,LAC,32.0,60,60,1958,0.484,0.418,213,265,0.804,Norman Powell,1.8,1.9,2.98,7.13,7.62,15.75,0.35
Norman Powell,2025-26,24.5,4.25,2.38,0.25,1.38,MIA,32.0,8,8,248,0.46,0.458,60,64,0.938,Norman Powell,2.25,2.4,2.75,6.0,7.12,15.5,0.38
Alex Poythress,2016-17,10.67,4.83,0.83,0.33,0.5,PHI,23.0,6,1,157,0.463,0.316,8,10,0.8,Alex Poythress,0.5,2.3,1.0,3.17,4.17,9.0,1.83
Alex Poythress,2017-18,1.04,0.68,0.08,0.04,0.12,IND,24.0,25,0,104,0.423,0.364,0,0,0.0,Alex Poythress,0.08,0.6,0.16,0.44,0.44,1.04,0.28
Alex Poythress,2018-19,5.1,3.62,0.81,0.48,0.19,ATL,25.0,21,1,305,0.494,0.391,18,29,0.621,Alex Poythress,0.62,2.2,0.43,1.1,1.9,3.86,1.38
Phil Pressey,2013-14,2.84,1.4,3.21,0.07,0.91,BOS,23.0,75,11,1132,0.308,0.264,29,45,0.644,Phil Pressey,1.16,1.3,0.37,1.41,1.04,3.37,0.27
Phil Pressey,2014-15,3.54,1.6,2.34,0.12,0.6,BOS,24.0,50,0,600,0.368,0.246,33,49,0.673,Phil Pressey,0.82,1.1,0.32,1.3,1.28,3.48,0.26
Phil Pressey,2015-16,3.93,1.64,3.29,0.07,0.79,PHI,25.0,14,0,170,0.382,0.308,9,18,0.5,Phil Pressey,1.36,1.0,0.29,0.93,1.5,3.93,0.0
Phil Pressey,2015-16,2.44,0.89,3.22,0.33,0.78,PHX,25.0,9,0,113,0.391,0.0,4,7,0.571,Phil Pressey,1.56,1.6,0.0,0.56,1.0,2.56,0.33
Phil Pressey,2015-16,3.35,1.35,3.26,0.17,0.78,TOT,25.0,23,0,283,0.385,0.222,13,25,0.52,Phil Pressey,1.43,1.2,0.17,0.78,1.3,3.39,0.13
Jason Preston,2022-23,2.93,1.57,1.93,0.0,0.14,LAC,23.0,14,0,124,0.439,0.278,0,2,0.0,Jason Preston,0.71,0.5,0.36,1.29,1.29,2.93,0.14
Jason Preston,2023-24,1.71,2.43,2.29,0.14,0.29,UTA,24.0,7,0,71,0.316,0.0,0,0,0.0,Jason Preston,0.29,0.4,0.0,0.43,0.86,2.71,0.86
AJ Price,2009-10,7.32,1.57,1.89,0.05,0.62,IND,23.0,56,2,865,0.41,0.345,60,75,0.8,AJ Price,1.05,0.9,1.07,3.11,2.59,6.32,0.21
AJ Price,2010-11,6.46,1.44,2.22,0.02,0.58,IND,24.0,50,0,795,0.356,0.275,54,81,0.667,AJ Price,1.06,1.2,0.82,2.98,2.28,6.4,0.32
AJ Price,2011-12,3.91,1.39,1.95,0.05,0.45,IND,25.0,44,1,568,0.339,0.295,28,35,0.8,AJ Price,0.73,0.7,0.59,2.0,1.34,3.95,0.3
AJ Price,2012-13,7.74,2.0,3.6,0.05,0.58,WAS,26.0,57,22,1278,0.39,0.35,49,62,0.79,AJ Price,1.12,1.3,1.23,3.51,2.82,7.25,0.35
AJ Price,2013-14,1.57,0.36,0.46,0.0,0.04,MIN,27.0,28,0,99,0.413,0.273,0,2,0.0,AJ Price,0.25,0.2,0.21,0.79,0.68,1.64,0.04
AJ Price,2014-15,10.5,1.4,2.7,0.0,0.4,IND,28.0,10,0,193,0.438,0.385,12,18,0.667,AJ Price,1.0,0.9,1.5,3.9,3.9,8.9,0.2
AJ Price,2014-15,2.0,1.36,1.18,0.0,0.27,CLE,28.0,11,0,87,0.265,0.0,4,6,0.667,AJ Price,0.27,0.1,0.0,1.0,0.82,3.09,0.36
AJ Price,2014-15,1.2,0.6,1.2,0.0,0.0,PHX,28.0,5,0,44,0.214,0.0,0,0,0.0,AJ Price,0.2,1.0,0.0,1.4,0.6,2.8,0.0
AJ Price,2014-15,5.12,1.23,1.77,0.0,0.27,TOT,28.0,26,0,324,0.372,0.263,16,24,0.667,AJ Price,0.54,0.6,0.58,2.19,1.96,5.27,0.23
Ronnie Price,2005-06,2.07,0.52,0.38,0.0,0.21,SAC,23.0,29,0,150,0.362,0.222,12,12,1.0,Ronnie Price,0.34,0.3,0.21,0.93,0.72,2.0,0.17
Ronnie Price,2006-07,3.31,1.22,0.83,0.07,0.48,SAC,24.0,58,1,563,0.39,0.323,37,55,0.673,Ronnie Price,0.57,1.1,0.36,1.12,1.16,2.97,0.26
Ronnie Price,2007-08,3.74,0.75,1.28,0.05,0.52,UTA,25.0,61,3,588,0.431,0.347,26,38,0.684,Ronnie Price,0.49,1.4,0.43,1.23,1.44,3.34,0.13
Ronnie Price,2008-09,3.98,1.33,2.08,0.1,0.75,UTA,26.0,52,17,738,0.379,0.311,34,45,0.756,Ronnie Price,1.17,1.4,0.37,1.17,1.48,3.9,0.23
Ronnie Price,2009-10,4.25,1.23,2.05,0.22,0.67,UTA,27.0,60,4,806,0.405,0.286,41,59,0.695,Ronnie Price,0.93,1.8,0.3,1.05,1.63,4.03,0.47
Ronnie Price,2010-11,3.34,1.03,0.95,0.08,0.71,UTA,28.0,59,0,717,0.352,0.29,29,39,0.744,Ronnie Price,0.93,1.8,0.34,1.17,1.25,3.56,0.37
Ronnie Price,2011-12,3.64,1.56,1.86,0.08,0.94,PHX,29.0,36,8,517,0.377,0.295,20,25,0.8,Ronnie Price,1.28,2.0,0.36,1.22,1.36,3.61,0.5
Ronnie Price,2012-13,2.69,1.13,1.87,0.08,0.67,POR,30.0,39,0,510,0.325,0.256,17,24,0.708,Ronnie Price,0.87,1.6,0.26,1.0,1.0,3.08,0.33
Ronnie Price,2013-14,2.39,1.39,2.13,0.06,0.81,ORL,31.0,31,2,377,0.304,0.209,9,13,0.692,Ronnie Price,0.84,1.6,0.29,1.39,0.9,2.97,0.26
Ronnie Price,2014-15,5.14,1.6,3.84,0.09,1.56,LAL,32.0,43,20,982,0.345,0.284,36,45,0.8,Ronnie Price,1.21,2.7,0.72,2.53,1.79,5.19,0.44
Ronnie Price,2015-16,5.34,1.6,2.37,0.21,1.19,PHX,33.0,62,18,1211,0.384,0.347,31,41,0.756,Ronnie Price,1.13,2.6,1.1,3.16,1.87,4.87,0.4
Ronnie Price,2016-17,1.0,0.79,1.29,0.07,0.79,PHX,34.0,14,0,134,0.167,0.176,3,4,0.75,Ronnie Price,0.21,1.0,0.21,1.21,0.29,1.71,0.21
Pablo Prigioni,2012-13,3.53,1.83,3.03,0.03,0.88,NYK,36.0,78,18,1263,0.455,0.396,22,25,0.88,Pablo Prigioni,1.1,1.6,0.68,1.72,1.28,2.82,0.53
Pablo Prigioni,2013-14,3.82,1.95,3.45,0.03,1.02,NYK,37.0,66,27,1283,0.461,0.464,11,12,0.917,Pablo Prigioni,0.91,2.0,0.98,2.12,1.33,2.89,0.55
Pablo Prigioni,2014-15,4.67,1.86,2.42,0.02,1.21,NYK,38.0,43,3,795,0.422,0.374,22,26,0.846,Pablo Prigioni,1.09,1.2,1.0,2.67,1.58,3.74,0.42
Pablo Prigioni,2014-15,3.04,1.62,2.79,0.0,1.12,HOU,38.0,24,0,402,0.343,0.275,13,15,0.867,Pablo Prigioni,0.62,1.5,0.58,2.12,0.96,2.79,0.5
Pablo Prigioni,2014-15,4.09,1.78,2.55,0.01,1.18,TOT,38.0,67,3,1197,0.399,0.343,35,41,0.854,Pablo Prigioni,0.93,1.3,0.85,2.48,1.36,3.4,0.45
Pablo Prigioni,2015-16,2.46,1.93,2.2,0.02,0.9,LAC,39.0,59,3,823,0.374,0.295,7,8,0.875,Pablo Prigioni,0.83,1.4,0.47,1.61,0.93,2.49,0.64
Joshua Primo,2021-22,5.76,2.26,1.62,0.46,0.4,SAS,19.0,50,16,965,0.374,0.307,44,59,0.746,Joshua Primo,1.14,1.6,0.84,2.74,2.02,5.4,0.64
Joshua Primo,2022-23,7.0,3.25,4.5,0.5,0.25,SAS,20.0,4,0,93,0.346,0.25,7,9,0.778,Joshua Primo,2.75,2.0,0.75,3.0,2.25,6.5,0.5
Joshua Primo,2023-24,1.0,0.5,0.0,0.5,0.0,LAC,21.0,2,0,10,0.333,0.0,0,0,0.0,Joshua Primo,2.0,0.0,0.0,0.5,0.5,1.5,0.5
Taurean Prince,2016-17,5.68,2.66,0.93,0.46,0.73,ATL,23.0,59,10,981,0.4,0.324,74,94,0.787,Taurean Prince,1.03,1.6,0.56,1.73,1.93,4.83,0.42
Taurean Prince,2017-18,14.12,4.74,2.61,0.51,1.04,ATL,24.0,82,82,2464,0.426,0.385,152,180,0.844,Taurean Prince,2.33,2.0,2.15,5.57,5.06,11.89,0.61
Taurean Prince,2018-19,13.49,3.62,2.15,0.35,0.96,ATL,25.0,55,47,1552,0.441,0.39,95,116,0.819,Taurean Prince,1.82,2.6,2.24,5.73,4.76,10.8,0.4
Taurean Prince,2019-20,12.08,5.95,1.81,0.39,0.89,BKN,26.0,64,61,1857,0.376,0.339,71,89,0.798,Taurean Prince,1.98,2.5,2.28,6.73,4.34,11.55,0.78
Taurean Prince,2020-21,8.08,2.83,0.58,0.67,0.67,BKN,27.0,12,4,218,0.405,0.351,24,27,0.889,Taurean Prince,0.92,1.8,1.08,3.08,2.5,6.17,0.17
Taurean Prince,2020-21,10.07,3.72,2.38,0.52,0.69,CLE,27.0,29,6,688,0.399,0.415,41,49,0.837,Taurean Prince,1.24,1.9,1.69,4.07,3.48,8.72,0.59
Taurean Prince,2020-21,9.49,3.46,1.85,0.56,0.68,TOT,27.0,41,10,905,0.401,0.4,65,76,0.855,Taurean Prince,1.15,1.8,1.51,3.78,3.2,7.98,0.46
Taurean Prince,2021-22,7.28,2.52,0.99,0.33,0.68,MIN,28.0,69,8,1177,0.454,0.376,62,82,0.756,Taurean Prince,0.77,1.7,1.25,3.32,2.57,5.65,0.38
Taurean Prince,2022-23,9.13,2.44,1.56,0.28,0.52,MIN,29.0,54,4,1193,0.467,0.381,65,77,0.844,Taurean Prince,1.28,2.3,1.37,3.59,3.28,7.02,0.28
Taurean Prince,2023-24,8.94,2.95,1.53,0.45,0.74,LAL,30.0,78,49,2108,0.442,0.396,50,68,0.735,Taurean Prince,0.94,1.9,1.81,4.56,3.24,7.33,0.27
Taurean Prince,2024-25,8.2,3.59,1.94,0.19,0.95,MIL,31.0,80,73,2166,0.457,0.439,39,48,0.813,Taurean Prince,1.02,2.1,1.84,4.19,2.94,6.42,0.42
Taurean Prince,2025-26,6.12,1.62,1.0,0.25,0.75,MIL,31.0,8,0,169,0.447,0.429,3,3,1.0,Taurean Prince,0.62,2.5,1.5,3.5,2.12,4.75,0.0
Tayshaun Prince,2002-03,3.26,1.07,0.57,0.33,0.24,DET,23.0,42,5,435,0.449,0.426,11,17,0.647,Tayshaun Prince,0.5,0.6,0.48,1.12,1.26,2.81,0.12
Tayshaun Prince,2003-04,10.26,4.76,2.33,0.84,0.77,DET,24.0,82,80,2702,0.467,0.363,108,141,0.766,Tayshaun Prince,1.45,1.8,0.7,1.91,4.12,8.82,1.13
Tayshaun Prince,2004-05,14.71,5.3,3.01,0.87,0.68,DET,25.0,82,82,3038,0.487,0.341,221,274,0.807,Tayshaun Prince,1.65,2.0,0.57,1.68,5.72,11.74,1.62
Tayshaun Prince,2005-06,14.1,4.22,2.27,0.48,0.76,DET,26.0,82,82,2898,0.455,0.35,182,238,0.765,Tayshaun Prince,1.11,1.2,0.78,2.23,5.55,12.18,1.27
Tayshaun Prince,2006-07,14.28,5.23,2.77,0.67,0.62,DET,27.0,82,82,3001,0.46,0.386,172,224,0.768,Tayshaun Prince,1.2,1.4,0.99,2.56,5.6,12.16,1.76
Tayshaun Prince,2007-08,13.17,4.85,3.27,0.4,0.51,DET,28.0,82,82,2694,0.448,0.363,185,241,0.768,Tayshaun Prince,1.11,1.1,0.65,1.78,5.13,11.46,1.33
Tayshaun Prince,2008-09,14.18,5.8,3.09,0.62,0.54,DET,29.0,82,82,3057,0.45,0.397,189,243,0.778,Tayshaun Prince,1.23,1.3,0.68,1.72,5.6,12.44,1.56
Tayshaun Prince,2009-10,13.49,5.06,3.29,0.45,0.69,DET,30.0,49,49,1664,0.486,0.37,70,98,0.714,Tayshaun Prince,1.22,1.6,0.55,1.49,5.76,11.84,1.45
Tayshaun Prince,2010-11,14.08,4.22,2.76,0.53,0.38,DET,31.0,78,78,2562,0.473,0.347,118,168,0.702,Tayshaun Prince,1.05,1.2,0.44,1.26,6.06,12.83,1.0
Tayshaun Prince,2011-12,12.67,4.46,2.43,0.51,0.43,DET,32.0,63,63,2087,0.421,0.356,89,115,0.774,Tayshaun Prince,1.17,1.2,0.59,1.65,5.33,12.67,1.14
Tayshaun Prince,2012-13,11.71,4.64,2.47,0.29,0.47,DET,33.0,45,45,1457,0.444,0.434,74,93,0.796,Tayshaun Prince,1.2,1.0,0.51,1.18,4.78,10.76,0.96
Tayshaun Prince,2012-13,8.78,4.19,2.3,0.32,0.73,MEM,33.0,37,36,1174,0.429,0.366,22,37,0.595,Tayshaun Prince,0.95,1.1,0.41,1.11,3.89,9.08,0.78
Tayshaun Prince,2012-13,10.39,4.44,2.39,0.3,0.59,TOT,33.0,82,81,2632,0.438,0.404,96,130,0.738,Tayshaun Prince,1.09,1.0,0.46,1.15,4.38,10.0,0.88
Tayshaun Prince,2013-14,5.97,3.08,1.57,0.25,0.51,MEM,34.0,76,76,1948,0.407,0.29,34,60,0.567,Tayshaun Prince,0.54,0.8,0.26,0.91,2.63,6.47,0.42
Tayshaun Prince,2014-15,7.31,3.19,1.42,0.23,0.35,MEM,35.0,26,9,628,0.41,0.455,25,30,0.833,Tayshaun Prince,0.58,0.8,0.58,1.27,2.88,7.04,0.81
Tayshaun Prince,2014-15,8.44,3.33,2.0,0.22,0.56,BOS,35.0,9,0,198,0.559,0.625,5,6,0.833,Tayshaun Prince,0.44,0.8,0.56,0.89,3.67,6.56,0.67
Tayshaun Prince,2014-15,7.3,4.22,1.65,0.35,0.65,DET,35.0,23,7,571,0.431,0.423,19,29,0.655,Tayshaun Prince,0.7,1.1,0.48,1.13,3.0,6.96,1.09
Tayshaun Prince,2014-15,7.48,3.62,1.6,0.28,0.5,TOT,35.0,58,16,1397,0.44,0.463,49,65,0.754,Tayshaun Prince,0.6,0.9,0.53,1.16,3.05,6.93,0.9
Tayshaun Prince,2015-16,2.87,1.91,0.96,0.17,0.47,MIN,36.0,77,44,1462,0.445,0.174,13,19,0.684,Tayshaun Prince,0.35,0.8,0.05,0.3,1.32,2.97,0.42
Payton Pritchard,2020-21,7.73,2.39,1.82,0.14,0.56,BOS,23.0,66,4,1268,0.44,0.411,40,45,0.889,Payton Pritchard,0.8,1.6,1.55,3.76,2.79,6.33,0.5
Payton Pritchard,2021-22,6.23,1.89,1.96,0.08,0.35,BOS,24.0,71,2,1001,0.429,0.412,21,21,1.0,Payton Pritchard,0.58,0.9,1.42,3.45,2.25,5.25,0.45
Payton Pritchard,2022-23,5.62,1.83,1.33,0.02,0.29,BOS,25.0,48,3,643,0.412,0.364,12,16,0.75,Payton Pritchard,0.83,0.8,1.17,3.21,2.1,5.1,0.52
Payton Pritchard,2023-24,9.6,3.23,3.43,0.07,0.48,BOS,26.0,82,5,1826,0.468,0.385,46,56,0.821,Payton Pritchard,0.74,1.3,1.79,4.66,3.62,7.74,0.85
Payton Pritchard,2024-25,14.3,3.84,3.49,0.18,0.88,BOS,27.0,80,3,2271,0.472,0.407,71,84,0.845,Payton Pritchard,1.04,1.5,3.19,7.82,5.11,10.82,1.27
Payton Pritchard,2025-26,14.58,3.83,4.92,0.0,0.92,BOS,27.0,12,12,384,0.419,0.256,23,29,0.793,Payton Pritchard,1.5,2.2,1.83,7.17,5.42,12.92,1.0
Laron Profit,1999-00,1.48,0.79,0.76,0.12,0.21,WAS,22.0,33,1,225,0.356,0.176,4,10,0.4,Laron Profit,0.58,0.8,0.09,0.52,0.64,1.79,0.06
Laron Profit,2000-01,4.34,1.83,2.54,0.31,1.03,WAS,23.0,35,12,605,0.394,0.269,33,45,0.733,Laron Profit,1.31,1.2,0.2,0.74,1.6,4.06,0.51
Laron Profit,2004-05,3.24,1.81,0.88,0.12,0.38,WAS,27.0,42,4,427,0.438,0.286,16,25,0.64,Laron Profit,0.64,1.0,0.19,0.67,1.33,3.05,0.57
Laron Profit,2005-06,4.16,1.72,0.6,0.2,0.44,LAL,28.0,25,1,279,0.476,0.167,21,24,0.875,Laron Profit,0.96,1.0,0.12,0.72,1.6,3.36,0.32
Olivier-Maxence Prosper,2023-24,3.02,1.98,0.55,0.1,0.18,DAL,21.0,40,1,336,0.385,0.289,28,41,0.683,Olivier-Maxence Prosper,0.2,0.5,0.32,1.12,1.0,2.6,0.62
Olivier-Maxence Prosper,2024-25,3.87,2.42,0.77,0.12,0.5,DAL,22.0,52,4,584,0.402,0.235,49,76,0.645,Olivier-Maxence Prosper,0.27,0.5,0.23,0.98,1.35,3.35,0.85
Olivier-Maxence Prosper,2025-26,3.5,1.75,0.12,0.0,0.12,MEM,23.0,8,0,50,0.615,0.0,12,12,1.0,Olivier-Maxence Prosper,0.38,0.2,0.0,0.38,1.0,1.62,0.62
Gabe Pruitt,2007-08,2.13,0.53,0.87,0.0,0.33,BOS,22.0,15,0,95,0.359,0.25,1,2,0.5,Gabe Pruitt,0.33,0.7,0.2,0.8,0.93,2.6,0.07
Gabe Pruitt,2008-09,1.98,0.91,0.83,0.06,0.32,BOS,23.0,47,0,366,0.307,0.292,17,21,0.81,Gabe Pruitt,0.4,0.7,0.3,1.02,0.66,2.15,0.19
Joel Przybilla,2000-01,0.82,2.15,0.06,0.91,0.09,MIL,21.0,33,13,270,0.343,0.0,3,11,0.273,Joel Przybilla,0.39,1.7,0.0,0.0,0.36,1.06,0.88
Joel Przybilla,2001-02,2.68,3.99,0.3,1.66,0.28,MIL,22.0,71,62,1128,0.535,0.0,38,90,0.422,Joel Przybilla,0.61,2.8,0.0,0.01,1.07,2.0,1.1
Joel Przybilla,2002-03,1.5,4.53,0.38,1.41,0.31,MIL,23.0,32,17,546,0.391,0.0,12,24,0.5,Joel Przybilla,0.59,2.7,0.0,0.0,0.56,1.44,1.5
Joel Przybilla,2003-04,0.2,2.0,0.6,0.0,0.0,MIL,24.0,5,0,34,0.0,0.0,1,2,0.5,Joel Przybilla,0.4,1.0,0.0,0.0,0.0,0.0,0.2
Joel Przybilla,2003-04,4.0,8.42,0.33,1.42,0.42,ATL,24.0,12,12,314,0.36,0.0,12,29,0.414,Joel Przybilla,1.33,4.0,0.0,0.0,1.5,4.17,2.58
Joel Przybilla,2003-04,2.88,6.53,0.41,1.0,0.29,TOT,24.0,17,12,348,0.36,0.0,13,31,0.419,Joel Przybilla,1.06,3.1,0.0,0.0,1.06,2.94,1.88
Joel Przybilla,2004-05,6.42,7.74,0.97,2.14,0.32,POR,25.0,76,50,1857,0.598,0.0,90,174,0.517,Joel Przybilla,1.29,3.1,0.0,0.0,2.62,4.38,2.34
Joel Przybilla,2005-06,6.14,6.98,0.77,2.32,0.36,POR,26.0,56,52,1395,0.548,0.0,82,154,0.532,Joel Przybilla,1.36,2.7,0.0,0.0,2.34,4.27,2.61
Joel Przybilla,2006-07,1.95,3.91,0.28,1.56,0.23,POR,27.0,43,43,701,0.474,0.0,10,27,0.37,Joel Przybilla,0.93,2.9,0.0,0.0,0.86,1.81,1.37
Joel Przybilla,2007-08,4.82,8.43,0.35,1.21,0.17,POR,28.0,77,67,1819,0.576,0.0,83,122,0.68,Joel Przybilla,1.23,3.0,0.0,0.01,1.87,3.25,2.53
Joel Przybilla,2008-09,5.46,8.74,0.33,1.18,0.41,POR,29.0,82,43,1952,0.625,0.0,112,169,0.663,Joel Przybilla,0.95,2.6,0.0,0.01,2.05,3.28,2.49
Joel Przybilla,2009-10,4.1,7.93,0.27,1.43,0.27,POR,30.0,30,9,681,0.523,0.0,33,51,0.647,Joel Przybilla,1.3,3.2,0.0,0.0,1.5,2.87,2.4
Joel Przybilla,2010-11,1.77,3.9,0.42,0.45,0.16,POR,31.0,31,9,445,0.618,0.0,13,23,0.565,Joel Przybilla,0.71,2.0,0.0,0.0,0.68,1.1,0.9
Joel Przybilla,2010-11,1.8,4.8,0.0,0.2,0.0,CHA,31.0,5,0,74,0.4,0.0,1,4,0.25,Joel Przybilla,1.4,3.2,0.0,0.0,0.8,2.0,1.8
Joel Przybilla,2010-11,1.78,4.03,0.36,0.42,0.14,TOT,31.0,36,9,520,0.568,0.0,14,27,0.519,Joel Przybilla,0.81,2.2,0.0,0.0,0.69,1.22,1.03
Joel Przybilla,2011-12,2.04,5.11,0.22,0.59,0.15,POR,32.0,27,19,449,0.458,0.0,11,18,0.611,Joel Przybilla,0.81,2.4,0.0,0.0,0.81,1.78,1.07
Joel Przybilla,2012-13,0.17,1.75,0.33,0.17,0.08,MIL,33.0,12,1,68,0.25,0.0,0,2,0.0,Joel Przybilla,0.33,0.8,0.0,0.0,0.08,0.33,0.42
Zyon Pullin,2024-25,0.0,0.0,0.0,0.0,0.0,MEM,24.0,3,0,3,0.0,0.0,0,0,0.0,Zyon Pullin,0.0,0.0,0.0,0.0,0.0,0.33,0.0
Rodney Purvis,2017-18,6.0,1.69,1.06,0.19,0.19,ORL,24.0,16,2,290,0.327,0.25,13,15,0.867,Rodney Purvis,0.62,1.6,0.81,3.25,2.19,6.69,0.06
Tim Quarterman,2016-17,1.94,0.88,0.69,0.19,0.12,POR,22.0,16,0,80,0.448,0.385,0,3,0.0,Tim Quarterman,0.69,0.4,0.31,0.81,0.81,1.81,0.25
Tim Quarterman,2017-18,1.33,1.0,0.33,0.0,0.0,HOU,23.0,3,0,13,0.333,0.0,2,2,1.0,Tim Quarterman,0.67,0.3,0.0,0.67,0.33,1.0,0.0
Trevelin Queen,2021-22,4.3,1.6,0.4,0.1,0.5,HOU,25.0,10,0,74,0.455,0.375,4,4,1.0,Trevelin Queen,0.7,0.6,0.9,2.4,1.5,3.3,0.7
Trevelin Queen,2022-23,3.0,2.43,0.86,0.71,0.29,IND,26.0,7,0,70,0.241,0.133,5,5,1.0,Trevelin Queen,1.0,0.6,0.29,2.14,1.0,4.14,1.14
Trevelin Queen,2023-24,2.86,1.43,1.29,0.36,0.5,ORL,27.0,14,0,165,0.368,0.176,9,12,0.75,Trevelin Queen,0.5,1.1,0.21,1.21,1.0,2.71,0.21
Trevelin Queen,2024-25,4.9,1.74,1.23,0.32,1.0,ORL,28.0,31,2,430,0.381,0.286,18,21,0.857,Trevelin Queen,0.71,1.2,0.71,2.48,1.81,4.74,0.84
Neemias Queta,2021-22,3.0,2.07,0.4,0.53,0.07,SAC,22.0,15,0,120,0.447,0.0,11,17,0.647,Neemias Queta,0.4,1.2,0.0,0.0,1.13,2.53,0.93
Neemias Queta,2022-23,2.4,2.2,0.2,0.4,0.0,SAC,23.0,5,0,29,0.667,0.0,0,2,0.0,Neemias Queta,0.2,1.4,0.0,0.0,1.2,1.8,1.0
Neemias Queta,2023-24,5.5,4.36,0.71,0.75,0.46,BOS,24.0,28,0,333,0.644,0.0,20,28,0.714,Neemias Queta,0.46,1.8,0.0,0.0,2.39,3.71,1.89
Neemias Queta,2024-25,5.0,3.81,0.73,0.68,0.29,BOS,25.0,62,6,863,0.65,0.0,46,61,0.754,Neemias Queta,0.65,1.7,0.0,0.05,2.13,3.27,1.44
Neemias Queta,2025-26,8.58,8.08,1.58,1.42,0.75,BOS,26.0,12,12,291,0.62,0.0,15,25,0.6,Neemias Queta,1.08,3.3,0.0,0.25,3.67,5.92,3.0
Immanuel Quickley,2020-21,11.42,2.14,1.98,0.19,0.47,NYK,22.0,64,3,1244,0.395,0.389,155,174,0.891,Immanuel Quickley,0.91,1.8,1.84,4.73,3.58,9.06,0.39
Immanuel Quickley,2021-22,11.31,3.17,3.53,0.04,0.69,NYK,23.0,78,3,1802,0.392,0.346,177,201,0.881,Immanuel Quickley,1.27,2.1,1.76,5.08,3.64,9.28,0.4
Immanuel Quickley,2022-23,14.93,4.16,3.44,0.17,0.99,NYK,24.0,81,21,2344,0.448,0.37,203,248,0.819,Immanuel Quickley,1.23,2.0,2.07,5.6,5.17,11.56,0.72
Immanuel Quickley,2023-24,15.0,2.57,2.47,0.1,0.53,NYK,25.0,30,0,720,0.454,0.395,82,94,0.872,Immanuel Quickley,1.03,1.5,2.13,5.4,5.07,11.17,0.17
Immanuel Quickley,2023-24,18.58,4.79,6.76,0.18,0.89,TOR,25.0,38,38,1265,0.422,0.395,127,151,0.841,Immanuel Quickley,1.84,2.0,2.82,7.13,6.21,14.71,0.32
Immanuel Quickley,2023-24,17.0,3.81,4.87,0.15,0.74,TOT,25.0,68,38,1985,0.434,0.395,209,245,0.853,Immanuel Quickley,1.49,1.8,2.51,6.37,5.71,13.15,0.25
Immanuel Quickley,2024-25,17.09,3.55,5.79,0.12,0.7,TOR,26.0,33,33,918,0.42,0.378,111,128,0.867,Immanuel Quickley,1.76,1.8,2.58,6.82,5.58,13.27,0.48
Immanuel Quickley,2025-26,15.27,4.73,6.18,0.0,1.45,TOR,26.0,11,11,346,0.429,0.343,31,41,0.756,Immanuel Quickley,1.64,2.2,2.09,6.09,5.18,12.09,0.73
Chris Quinn,2006-07,3.36,0.71,1.55,0.0,0.36,MIA,23.0,42,1,408,0.366,0.351,25,37,0.676,Chris Quinn,0.5,0.8,0.48,1.36,1.14,3.12,0.14
Chris Quinn,2007-08,7.75,1.97,2.97,0.07,0.77,MIA,24.0,60,25,1340,0.424,0.403,85,98,0.867,Chris Quinn,0.92,1.5,1.07,2.65,2.63,6.22,0.18
Chris Quinn,2008-09,5.14,1.14,2.0,0.03,0.36,MIA,25.0,66,0,962,0.408,0.409,47,58,0.81,Chris Quinn,0.5,1.2,0.85,2.08,1.79,4.38,0.12
Chris Quinn,2009-10,2.24,0.64,1.16,0.04,0.36,NJN,26.0,25,0,223,0.357,0.313,6,6,1.0,Chris Quinn,0.4,0.6,0.4,1.28,0.8,2.24,0.04
Chris Quinn,2010-11,1.98,0.61,1.02,0.02,0.12,SAS,27.0,41,0,292,0.363,0.297,4,8,0.5,Chris Quinn,0.29,0.7,0.27,0.9,0.8,2.22,0.07
Chris Quinn,2012-13,1.43,0.29,1.29,0.0,0.43,CLE,29.0,7,0,78,0.25,0.0,2,2,1.0,Chris Quinn,0.86,0.6,0.0,0.71,0.57,2.29,0.14
Lester Quinones,2022-23,2.5,0.75,0.5,0.0,0.25,GSW,22.0,4,0,18,0.4,0.5,4,6,0.667,Lester Quinones,1.25,0.0,0.5,1.0,0.5,1.25,0.25
Lester Quinones,2023-24,4.43,1.95,0.97,0.05,0.16,GSW,23.0,37,0,394,0.397,0.364,20,29,0.69,Lester Quinones,0.46,1.2,0.86,2.38,1.51,3.81,0.57
Lester Quinones,2024-25,2.25,1.0,0.25,0.0,0.0,PHI,24.0,4,0,17,0.5,0.0,1,1,1.0,Lester Quinones,1.0,0.0,0.0,0.75,1.0,2.0,0.75
Lester Quinones,2024-25,8.56,1.67,2.56,0.22,0.33,NOP,24.0,9,0,166,0.386,0.317,10,12,0.833,Lester Quinones,1.11,2.0,1.44,4.56,3.0,7.78,0.11
Lester Quinones,2024-25,6.62,1.46,1.85,0.15,0.23,TOT,24.0,13,0,183,0.397,0.295,11,13,0.846,Lester Quinones,1.08,1.4,1.0,3.38,2.38,6.0,0.31
Ivan Rabb,2017-18,5.58,4.39,0.89,0.36,0.33,MEM,21.0,36,5,516,0.566,0.0,29,36,0.806,Ivan Rabb,0.97,1.5,0.0,0.0,2.39,4.22,1.47
Ivan Rabb,2018-19,5.8,4.2,1.1,0.29,0.35,MEM,22.0,49,13,721,0.547,0.2,49,69,0.71,Ivan Rabb,0.71,1.8,0.06,0.31,2.37,4.33,1.43
Vladimir Radmanovic,2001-02,6.67,3.77,1.33,0.39,0.92,SEA,21.0,61,16,1230,0.412,0.42,49,72,0.681,Vladimir Radmanovic,1.18,2.0,1.08,2.57,2.39,5.8,0.74
Vladimir Radmanovic,2002-03,10.06,4.49,1.35,0.31,0.89,SEA,22.0,72,16,1910,0.41,0.355,72,102,0.706,Vladimir Radmanovic,1.39,1.9,1.44,4.07,3.81,9.28,1.06
Vladimir Radmanovic,2003-04,12.01,5.27,1.84,0.55,1.04,SEA,23.0,77,38,2321,0.425,0.371,95,127,0.748,Vladimir Radmanovic,1.42,2.4,1.82,4.9,4.48,10.55,1.35
Vladimir Radmanovic,2004-05,11.76,4.59,1.37,0.49,0.9,SEA,24.0,63,0,1856,0.409,0.389,81,103,0.786,Vladimir Radmanovic,1.27,2.7,2.03,5.22,4.22,10.32,0.83
Vladimir Radmanovic,2005-06,9.26,3.98,1.53,0.32,0.68,SEA,25.0,47,16,1089,0.401,0.367,55,62,0.887,Vladimir Radmanovic,1.13,2.8,1.53,4.17,3.28,8.17,0.83
Vladimir Radmanovic,2005-06,10.67,5.7,2.13,0.47,0.97,LAC,25.0,30,11,885,0.417,0.418,38,52,0.731,Vladimir Radmanovic,1.33,2.7,2.2,5.27,3.6,8.63,0.83
Vladimir Radmanovic,2005-06,9.81,4.65,1.77,0.38,0.79,TOT,25.0,77,27,1974,0.407,0.39,93,114,0.816,Vladimir Radmanovic,1.21,2.7,1.79,4.6,3.4,8.35,0.83
Vladimir Radmanovic,2006-07,6.56,3.27,1.2,0.33,0.45,LAL,26.0,55,15,986,0.424,0.339,53,73,0.726,Vladimir Radmanovic,1.25,2.3,0.73,2.15,2.44,5.75,0.96
Vladimir Radmanovic,2007-08,8.35,3.31,1.89,0.18,0.71,LAL,27.0,65,41,1483,0.453,0.406,52,65,0.8,Vladimir Radmanovic,1.12,2.3,1.46,3.6,3.05,6.72,0.86
Vladimir Radmanovic,2008-09,5.93,2.54,0.83,0.15,0.61,LAL,28.0,46,28,771,0.444,0.441,23,27,0.852,Vladimir Radmanovic,1.02,1.1,1.3,2.96,2.07,4.65,0.39
Vladimir Radmanovic,2008-09,8.34,3.28,1.34,0.25,0.56,CHA,28.0,32,3,674,0.401,0.357,20,31,0.645,Vladimir Radmanovic,1.59,1.9,1.41,3.94,3.16,7.88,0.84
Vladimir Radmanovic,2008-09,6.92,2.85,1.04,0.19,0.59,TOT,28.0,78,31,1445,0.421,0.401,43,58,0.741,Vladimir Radmanovic,1.26,1.4,1.35,3.36,2.51,5.97,0.58
Vladimir Radmanovic,2009-10,4.88,3.62,0.88,0.12,0.38,CHA,29.0,8,0,133,0.333,0.318,4,6,0.667,Vladimir Radmanovic,0.62,2.2,0.88,2.75,1.75,5.25,1.0
Vladimir Radmanovic,2009-10,6.58,4.52,1.15,0.18,0.79,GSW,29.0,33,20,758,0.385,0.267,16,21,0.762,Vladimir Radmanovic,1.18,2.4,0.7,2.61,2.7,7.0,1.3
Vladimir Radmanovic,2009-10,6.24,4.34,1.1,0.17,0.71,TOT,29.0,41,20,891,0.377,0.278,20,27,0.741,Vladimir Radmanovic,1.07,2.4,0.73,2.63,2.51,6.66,1.24
Vladimir Radmanovic,2010-11,5.05,2.86,1.07,0.59,0.59,GSW,30.0,74,6,1169,0.431,0.405,30,34,0.882,Vladimir Radmanovic,0.77,2.1,0.95,2.34,1.85,4.3,0.86
Vladimir Radmanovic,2011-12,4.49,2.92,1.1,0.31,0.43,ATL,31.0,49,3,755,0.376,0.37,22,29,0.759,Vladimir Radmanovic,0.71,1.3,1.02,2.76,1.51,4.02,0.69
Vladimir Radmanovic,2012-13,1.32,1.12,0.32,0.16,0.32,CHI,32.0,25,0,144,0.302,0.185,2,3,0.667,Vladimir Radmanovic,0.28,1.2,0.2,1.08,0.52,1.72,0.4
Miroslav Raduljica,2013-14,3.77,2.25,0.48,0.27,0.15,MIL,26.0,48,2,465,0.54,0.0,45,55,0.818,Miroslav Raduljica,0.58,1.8,0.0,0.0,1.42,2.62,1.12
Miroslav Raduljica,2014-15,1.6,1.0,0.0,0.0,0.2,MIN,27.0,5,0,23,0.375,0.0,2,2,1.0,Miroslav Raduljica,0.4,1.6,0.0,0.0,0.6,1.6,0.4
Igor Rakocevic,2002-03,1.86,0.4,0.79,0.0,0.1,MIN,25.0,42,0,244,0.379,0.417,29,36,0.806,Igor Rakocevic,0.55,0.6,0.12,0.29,0.52,1.38,0.1
Jahmi'us Ramsey,2020-21,3.08,0.77,0.46,0.08,0.31,SAC,20.0,13,0,94,0.395,0.263,5,5,1.0,Jahmi'us Ramsey,0.23,0.6,0.38,1.46,1.15,2.92,0.15
Jahmi'us Ramsey,2021-22,3.16,0.68,0.37,0.05,0.05,SAC,21.0,19,0,134,0.414,0.278,7,14,0.5,Jahmi'us Ramsey,0.26,0.5,0.26,0.95,1.26,3.05,0.21
Jahmi'us Ramsey,2023-24,6.71,3.14,1.14,0.0,1.0,TOR,23.0,7,1,121,0.439,0.273,5,6,0.833,Jahmi'us Ramsey,1.0,1.4,0.86,3.14,2.57,5.86,0.57
Chasson Randle,2016-17,5.25,0.62,0.75,0.12,0.38,PHI,24.0,8,0,74,0.462,0.4,12,12,1.0,Chasson Randle,0.38,1.4,0.75,1.88,1.5,3.25,0.0
Chasson Randle,2016-17,5.28,1.5,1.56,0.06,0.33,NYK,24.0,18,0,225,0.389,0.313,29,31,0.935,Chasson Randle,0.89,1.6,0.56,1.78,1.56,4.0,0.33
Chasson Randle,2016-17,5.27,1.23,1.31,0.08,0.35,TOT,24.0,26,0,299,0.408,0.34,41,43,0.953,Chasson Randle,0.73,1.5,0.62,1.81,1.54,3.77,0.23
Chasson Randle,2018-19,5.53,1.14,1.98,0.06,0.51,WAS,26.0,49,2,743,0.419,0.4,43,62,0.694,Chasson Randle,0.88,1.9,0.94,2.35,1.86,4.43,0.2
Chasson Randle,2019-20,1.67,0.67,1.67,0.0,0.67,GSW,27.0,3,0,40,0.0,0.0,5,6,0.833,Chasson Randle,0.0,1.0,0.0,0.67,0.0,1.33,0.0
Chasson Randle,2020-21,6.49,2.0,1.8,0.12,0.54,ORL,28.0,41,5,837,0.388,0.338,38,48,0.792,Chasson Randle,1.12,1.6,1.07,3.17,2.24,5.78,0.17
Julius Randle,2014-15,2.0,0.0,0.0,0.0,0.0,LAL,20.0,1,0,14,0.333,0.0,0,2,0.0,Julius Randle,1.0,1.0,0.0,0.0,1.0,3.0,0.0
Julius Randle,2015-16,11.35,10.23,1.78,0.36,0.65,LAL,21.0,81,60,2286,0.429,0.278,193,270,0.715,Julius Randle,1.84,3.0,0.12,0.44,4.42,10.31,2.12
Julius Randle,2016-17,13.18,8.59,3.57,0.5,0.66,LAL,22.0,74,73,2132,0.488,0.27,204,282,0.723,Julius Randle,2.34,3.4,0.23,0.85,5.09,10.45,2.03
Julius Randle,2017-18,16.13,7.98,2.56,0.55,0.52,LAL,23.0,82,49,2190,0.558,0.222,305,425,0.718,Julius Randle,2.6,3.3,0.12,0.55,6.15,11.02,2.21
Julius Randle,2018-19,21.44,8.68,3.14,0.62,0.71,NOP,24.0,73,49,2232,0.524,0.344,356,487,0.731,Julius Randle,2.85,3.4,0.92,2.67,7.82,14.92,2.22
Julius Randle,2019-20,19.5,9.72,3.09,0.34,0.8,NYK,25.0,64,64,2080,0.46,0.277,258,352,0.733,Julius Randle,3.02,2.8,1.0,3.61,7.23,15.72,2.36
Julius Randle,2020-21,24.11,10.2,6.01,0.25,0.9,NYK,26.0,71,71,2667,0.456,0.411,348,429,0.811,Julius Randle,3.39,3.2,2.25,5.48,8.48,18.61,1.18
Julius Randle,2021-22,20.1,9.94,5.14,0.54,0.74,NYK,27.0,72,72,2544,0.411,0.308,303,401,0.756,Julius Randle,3.4,2.8,1.67,5.42,7.11,17.31,1.74
Julius Randle,2022-23,25.14,9.96,4.1,0.27,0.64,NYK,28.0,77,77,2737,0.459,0.343,402,531,0.757,Julius Randle,2.81,3.0,2.83,8.26,8.55,18.6,1.83
Julius Randle,2023-24,23.96,9.2,4.98,0.26,0.54,NYK,29.0,46,46,1630,0.472,0.311,236,302,0.781,Julius Randle,3.46,2.7,1.65,5.3,8.59,18.17,2.15
Julius Randle,2024-25,18.67,7.06,4.68,0.23,0.68,MIN,30.0,69,69,2226,0.485,0.344,270,335,0.806,Julius Randle,2.84,2.5,1.57,4.55,6.59,13.61,2.09
Julius Randle,2025-26,25.36,7.18,6.18,0.27,1.27,MIN,30.0,11,11,366,0.539,0.4,65,74,0.878,Julius Randle,2.73,2.5,2.0,5.0,8.73,16.18,1.36
Anthony Randolph,2008-09,7.92,5.76,0.78,1.17,0.67,GSW,19.0,63,22,1129,0.462,0.0,101,141,0.716,Anthony Randolph,1.27,2.2,0.0,0.06,3.16,6.84,2.03
Anthony Randolph,2009-10,11.64,6.52,1.27,1.55,0.85,GSW,20.0,33,8,749,0.443,0.2,109,136,0.801,Anthony Randolph,1.48,2.8,0.03,0.15,4.15,9.36,2.21
Anthony Randolph,2010-11,2.06,2.35,0.41,0.47,0.24,NYK,21.0,17,0,127,0.311,0.25,6,12,0.5,Anthony Randolph,0.59,0.9,0.06,0.24,0.82,2.65,0.65
Anthony Randolph,2010-11,11.74,5.22,1.13,0.7,0.78,MIN,21.0,23,3,463,0.498,0.0,52,74,0.703,Anthony Randolph,1.87,2.0,0.0,0.0,4.74,9.52,1.39
Anthony Randolph,2010-11,7.62,4.0,0.82,0.6,0.55,TOT,21.0,40,3,590,0.466,0.25,58,86,0.674,Anthony Randolph,1.32,1.6,0.02,0.1,3.08,6.6,1.08
Anthony Randolph,2011-12,7.41,3.62,0.56,1.03,0.38,MIN,22.0,34,5,517,0.47,0.0,64,84,0.762,Anthony Randolph,1.18,1.6,0.0,0.03,2.76,5.88,1.24
Anthony Randolph,2012-13,3.67,2.44,0.31,0.54,0.49,DEN,23.0,39,0,329,0.491,0.0,31,45,0.689,Anthony Randolph,0.95,1.1,0.0,0.21,1.44,2.92,0.74
Anthony Randolph,2013-14,4.79,2.84,0.74,0.44,0.6,DEN,24.0,43,5,527,0.386,0.295,52,69,0.754,Anthony Randolph,0.91,1.5,0.42,1.42,1.58,4.09,0.47
Shavlik Randolph,2005-06,2.3,2.33,0.33,0.21,0.33,PHI,22.0,57,1,487,0.454,0.0,43,71,0.606,Shavlik Randolph,0.37,1.5,0.0,0.0,0.77,1.7,0.96
Shavlik Randolph,2006-07,4.46,4.15,0.31,0.77,0.54,PHI,23.0,13,6,179,0.479,0.0,12,22,0.545,Shavlik Randolph,0.69,1.8,0.0,0.0,1.77,3.69,1.46
Shavlik Randolph,2007-08,0.89,1.22,0.33,0.33,0.11,PHI,24.0,9,0,27,0.286,0.0,0,0,0.0,Shavlik Randolph,0.22,0.6,0.0,0.0,0.44,1.56,1.0
Shavlik Randolph,2008-09,1.8,1.8,0.0,0.1,0.0,POR,25.0,10,0,37,0.615,1.0,1,4,0.25,Shavlik Randolph,0.6,0.4,0.1,0.1,0.8,1.3,1.0
Shavlik Randolph,2009-10,1.33,0.33,0.33,0.0,0.0,POR,26.0,3,0,6,0.333,0.0,2,2,1.0,Shavlik Randolph,0.33,0.0,0.0,0.0,0.33,1.0,0.0
Shavlik Randolph,2009-10,3.33,4.33,0.0,0.33,0.33,MIA,26.0,3,0,47,0.333,0.0,0,0,0.0,Shavlik Randolph,0.67,3.0,0.0,0.0,1.67,5.0,2.33
Shavlik Randolph,2009-10,2.33,2.33,0.17,0.17,0.17,TOT,26.0,6,0,53,0.333,0.0,2,2,1.0,Shavlik Randolph,0.5,1.5,0.0,0.0,1.0,3.0,1.17
Shavlik Randolph,2012-13,4.19,4.38,0.25,0.44,0.5,BOS,29.0,16,0,198,0.583,0.0,11,27,0.407,Shavlik Randolph,0.62,2.4,0.0,0.0,1.75,3.0,1.75
Shavlik Randolph,2013-14,1.43,1.79,0.07,0.07,0.21,PHX,30.0,14,0,95,0.5,0.0,6,11,0.545,Shavlik Randolph,0.36,1.1,0.0,0.0,0.5,1.0,0.5
Shavlik Randolph,2014-15,1.06,1.62,0.19,0.12,0.25,PHX,31.0,16,0,101,0.24,0.0,5,10,0.5,Shavlik Randolph,0.12,0.8,0.0,0.25,0.38,1.56,0.75
Shavlik Randolph,2014-15,1.4,2.4,0.2,0.2,0.2,BOS,31.0,5,0,25,0.3,0.0,1,2,0.5,Shavlik Randolph,0.2,0.6,0.0,0.2,0.6,2.0,0.8
Shavlik Randolph,2014-15,1.14,1.81,0.19,0.14,0.24,TOT,31.0,21,0,126,0.257,0.0,6,12,0.5,Shavlik Randolph,0.14,0.8,0.0,0.24,0.43,1.67,0.76
Zach Randolph,2001-02,2.78,1.68,0.32,0.1,0.17,POR,20.0,41,0,237,0.449,0.0,18,27,0.667,Zach Randolph,0.37,0.7,0.0,0.0,1.17,2.61,0.76
Zach Randolph,2002-03,8.44,4.45,0.53,0.18,0.55,POR,21.0,77,11,1301,0.513,0.0,122,161,0.758,Zach Randolph,0.81,1.8,0.0,0.06,3.43,6.69,1.81
Zach Randolph,2003-04,20.07,10.51,2.01,0.51,0.84,POR,22.0,81,80,3070,0.485,0.2,299,393,0.761,Zach Randolph,3.05,2.8,0.01,0.06,8.19,16.89,2.99
Zach Randolph,2004-05,18.93,9.61,1.87,0.37,0.74,POR,23.0,46,37,1605,0.448,0.0,207,254,0.815,Zach Randolph,2.43,2.4,0.0,0.13,7.22,16.11,3.09
Zach Randolph,2005-06,18.01,8.0,1.95,0.19,0.77,POR,24.0,74,71,2545,0.436,0.291,245,343,0.714,Zach Randolph,2.23,2.5,0.22,0.74,7.24,16.61,2.61
Zach Randolph,2006-07,23.65,10.12,2.16,0.22,0.78,POR,25.0,68,67,2425,0.467,0.292,394,481,0.819,Zach Randolph,3.16,2.7,0.21,0.71,8.82,18.91,2.93
Zach Randolph,2007-08,17.64,10.29,2.03,0.23,0.86,NYK,26.0,69,68,2244,0.459,0.275,223,289,0.772,Zach Randolph,2.7,2.8,0.32,1.16,7.04,15.33,2.67
Zach Randolph,2008-09,20.55,12.45,1.36,0.27,1.18,NYK,27.0,11,11,388,0.434,0.292,55,67,0.821,Zach Randolph,2.09,2.5,0.64,2.18,7.45,17.18,3.64
Zach Randolph,2008-09,20.9,9.41,2.26,0.33,0.77,LAC,27.0,39,34,1369,0.487,0.342,124,177,0.701,Zach Randolph,2.33,2.7,0.64,1.87,8.54,17.54,3.0
Zach Randolph,2008-09,20.82,10.08,2.06,0.32,0.86,TOT,27.0,50,45,1756,0.475,0.33,179,244,0.734,Zach Randolph,2.28,2.7,0.64,1.94,8.3,17.46,3.14
Zach Randolph,2009-10,20.75,11.73,1.84,0.42,0.99,MEM,28.0,81,81,3051,0.488,0.288,362,465,0.778,Zach Randolph,2.15,2.8,0.19,0.64,8.05,16.49,4.07
Zach Randolph,2010-11,20.05,12.19,2.17,0.33,0.84,MEM,29.0,75,74,2724,0.503,0.186,300,396,0.758,Zach Randolph,2.01,2.3,0.11,0.57,7.97,15.84,4.35
Zach Randolph,2011-12,11.57,8.04,1.71,0.14,0.75,MEM,30.0,28,8,735,0.463,0.25,58,88,0.659,Zach Randolph,1.43,2.0,0.07,0.29,4.71,10.18,2.79
Zach Randolph,2012-13,15.38,11.24,1.42,0.41,0.8,MEM,31.0,76,75,2607,0.46,0.087,225,300,0.75,Zach Randolph,1.97,2.4,0.03,0.3,6.2,13.47,4.08
Zach Randolph,2013-14,17.37,10.06,2.53,0.29,0.68,MEM,32.0,79,79,2705,0.467,0.1,250,337,0.742,Zach Randolph,2.32,2.7,0.03,0.25,7.09,15.16,3.35
Zach Randolph,2014-15,16.1,10.52,2.15,0.2,0.97,MEM,33.0,71,71,2304,0.487,0.35,228,298,0.765,Zach Randolph,2.2,2.5,0.1,0.28,6.39,13.13,3.17
Zach Randolph,2015-16,15.29,7.78,2.09,0.19,0.63,MEM,34.0,68,53,2016,0.475,0.231,172,216,0.796,Zach Randolph,1.54,2.1,0.09,0.38,6.34,13.34,2.63
Zach Randolph,2016-17,14.08,8.19,1.67,0.14,0.52,MEM,35.0,73,5,1786,0.449,0.223,141,193,0.731,Zach Randolph,1.36,1.9,0.29,1.29,5.93,13.21,2.49
Zach Randolph,2017-18,14.53,6.73,2.15,0.17,0.71,SAC,36.0,59,58,1508,0.473,0.347,84,107,0.785,Zach Randolph,1.97,2.0,0.86,2.49,6.12,12.93,1.64
Andy Rautins,2010-11,1.6,0.2,0.6,0.0,0.2,NYK,24.0,5,0,24,0.429,0.25,1,2,0.5,Andy Rautins,1.4,0.0,0.2,0.8,0.6,1.4,0.0
Allan Ray,2006-07,6.17,1.47,0.91,0.06,0.43,BOS,23.0,47,5,710,0.386,0.414,42,55,0.764,Allan Ray,0.89,1.8,1.02,2.47,2.13,5.51,0.38
Duop Reath,2023-24,9.07,3.68,0.99,0.56,0.49,POR,28.0,68,20,1214,0.461,0.359,69,93,0.742,Duop Reath,0.76,2.4,1.29,3.6,3.38,7.34,1.37
Duop Reath,2024-25,4.22,2.0,0.57,0.3,0.26,POR,29.0,46,0,469,0.422,0.321,20,22,0.909,Duop Reath,0.35,0.9,0.74,2.3,1.52,3.61,0.96
Duop Reath,2025-26,4.29,0.57,0.57,0.14,0.0,POR,29.0,7,0,59,0.556,0.588,0,0,0.0,Duop Reath,0.14,0.9,1.43,2.43,1.43,2.57,0.14
Austin Reaves,2021-22,7.28,3.16,1.8,0.33,0.48,LAL,24.0,61,19,1418,0.459,0.317,99,118,0.839,Austin Reaves,0.66,1.4,0.87,2.74,2.39,5.21,0.74
Austin Reaves,2022-23,13.02,3.02,3.36,0.3,0.52,LAL,25.0,64,22,1843,0.529,0.398,229,265,0.864,Austin Reaves,1.55,1.7,1.34,3.38,4.05,7.66,0.52
Austin Reaves,2023-24,15.85,4.29,5.49,0.3,0.8,LAL,26.0,82,57,2629,0.486,0.367,232,272,0.853,Austin Reaves,2.12,1.9,1.88,5.12,5.57,11.46,0.7
Austin Reaves,2024-25,20.21,4.51,5.77,0.3,1.11,LAL,27.0,73,73,2550,0.46,0.377,321,366,0.877,Austin Reaves,2.42,2.1,2.74,7.27,6.53,14.21,0.84
Austin Reaves,2025-26,30.25,5.12,9.0,0.0,1.5,LAL,27.0,8,8,294,0.48,0.324,73,83,0.88,Austin Reaves,3.12,2.1,2.88,8.88,9.12,19.0,0.5
Josh Reaves,2019-20,2.0,0.75,0.75,0.0,0.0,DAL,23.0,4,0,28,0.333,0.0,2,2,1.0,Josh Reaves,0.0,1.2,0.0,0.5,0.75,2.25,0.25
Zeljko Rebraca,2001-02,6.93,3.92,0.51,0.99,0.38,DET,30.0,74,4,1179,0.505,0.0,135,175,0.771,Zeljko Rebraca,1.14,2.6,0.0,0.0,2.55,5.05,1.14
Zeljko Rebraca,2002-03,6.6,3.07,0.3,0.57,0.2,DET,31.0,30,12,488,0.552,0.0,38,48,0.792,Zeljko Rebraca,0.97,2.6,0.0,0.0,2.67,4.83,0.9
Zeljko Rebraca,2003-04,3.14,2.33,0.19,0.43,0.24,DET,32.0,21,2,221,0.407,0.0,22,28,0.786,Zeljko Rebraca,0.62,2.1,0.0,0.0,1.05,2.57,0.9
Zeljko Rebraca,2003-04,8.33,3.0,0.67,0.67,0.0,ATL,32.0,3,0,51,0.522,0.0,1,2,0.5,Zeljko Rebraca,1.33,2.3,0.0,0.0,4.0,7.67,1.33
Zeljko Rebraca,2003-04,3.79,2.42,0.25,0.46,0.21,TOT,32.0,24,2,272,0.442,0.0,23,30,0.767,Zeljko Rebraca,0.71,2.2,0.0,0.0,1.42,3.21,0.96
Zeljko Rebraca,2004-05,5.84,3.17,0.45,0.69,0.22,LAC,33.0,58,2,928,0.568,0.0,73,85,0.859,Zeljko Rebraca,0.84,2.2,0.0,0.0,2.29,4.03,0.84
Zeljko Rebraca,2005-06,4.66,2.21,0.31,0.66,0.17,LAC,34.0,29,2,412,0.542,0.0,31,41,0.756,Zeljko Rebraca,0.83,2.0,0.0,0.0,1.79,3.31,0.45
Michael Redd,2000-01,2.17,0.67,0.17,0.0,0.17,MIL,21.0,6,0,35,0.263,0.0,3,6,0.5,Michael Redd,0.17,0.3,0.0,0.5,0.83,3.17,0.5
Michael Redd,2001-02,11.45,3.34,1.36,0.1,0.63,MIL,22.0,67,8,1417,0.483,0.444,91,115,0.791,Michael Redd,0.85,1.4,1.31,2.96,4.39,9.09,1.15
Michael Redd,2002-03,15.13,4.52,1.43,0.16,1.22,MIL,23.0,82,14,2316,0.469,0.438,149,185,0.805,Michael Redd,0.9,1.7,2.22,5.07,5.55,11.84,1.2
Michael Redd,2003-04,21.66,4.96,2.26,0.07,0.99,MIL,24.0,82,82,3021,0.44,0.35,383,441,0.868,Michael Redd,1.41,1.9,1.55,4.43,7.72,17.55,1.44
Michael Redd,2004-05,22.97,4.16,2.29,0.11,0.84,MIL,25.0,75,75,2848,0.441,0.355,369,432,0.854,Michael Redd,1.77,2.0,1.39,3.91,8.33,18.91,0.96
Michael Redd,2005-06,25.35,4.28,2.86,0.06,1.19,MIL,26.0,80,80,3130,0.45,0.395,501,571,0.877,Michael Redd,2.12,2.0,2.04,5.16,8.52,18.95,0.98
Michael Redd,2006-07,26.72,3.7,2.34,0.17,1.19,MIL,27.0,53,53,2036,0.465,0.382,345,416,0.829,Michael Redd,2.3,1.5,2.21,5.77,9.0,19.34,0.79
Michael Redd,2007-08,22.67,4.29,3.43,0.18,0.9,MIL,28.0,72,71,2702,0.442,0.362,402,490,0.82,Michael Redd,2.51,1.7,1.81,4.99,7.64,17.26,1.18
Michael Redd,2008-09,21.18,3.24,2.67,0.06,1.06,MIL,29.0,33,32,1203,0.455,0.366,131,161,0.814,Michael Redd,1.61,1.4,2.12,5.79,7.55,16.58,0.73
Michael Redd,2009-10,11.94,3.0,2.17,0.11,1.06,MIL,30.0,18,12,492,0.352,0.3,47,66,0.712,Michael Redd,0.83,1.3,1.0,3.33,4.17,11.83,0.61
Michael Redd,2010-11,4.4,0.8,1.2,0.1,0.2,MIL,31.0,10,0,134,0.4,0.235,4,4,1.0,Michael Redd,0.4,0.4,0.4,1.7,1.8,4.5,0.0
Michael Redd,2011-12,8.2,1.51,0.65,0.0,0.25,PHX,32.0,51,2,770,0.4,0.318,88,111,0.793,Michael Redd,0.73,0.6,0.82,2.59,2.82,7.06,0.27
Cam Reddish,2019-20,10.52,3.72,1.5,0.48,1.07,ATL,20.0,58,34,1551,0.384,0.332,101,126,0.802,Cam Reddish,1.66,2.3,1.43,4.31,3.67,9.55,0.6
Cam Reddish,2020-21,11.23,4.0,1.35,0.35,1.27,ATL,21.0,26,21,750,0.365,0.262,67,82,0.817,Cam Reddish,1.31,2.6,1.27,4.85,3.69,10.12,0.85
Cam Reddish,2021-22,11.94,2.47,1.12,0.32,1.03,ATL,22.0,34,7,797,0.402,0.379,72,80,0.9,Cam Reddish,1.29,1.3,1.71,4.5,4.06,10.09,0.59
Cam Reddish,2021-22,6.07,1.4,0.67,0.27,0.8,NYK,22.0,15,0,216,0.415,0.258,29,32,0.906,Cam Reddish,0.87,1.0,0.53,2.07,1.8,4.33,0.33
Cam Reddish,2021-22,10.14,2.14,0.98,0.31,0.96,TOT,22.0,49,7,1012,0.404,0.359,101,112,0.902,Cam Reddish,1.16,1.2,1.35,3.76,3.37,8.33,0.51
Cam Reddish,2022-23,8.4,1.55,1.0,0.4,0.75,NYK,23.0,20,8,438,0.449,0.304,29,33,0.879,Cam Reddish,0.75,1.6,0.85,2.8,3.05,6.8,0.35
Cam Reddish,2022-23,10.95,2.85,1.85,0.3,1.2,POR,23.0,20,12,552,0.443,0.318,35,42,0.833,Cam Reddish,1.6,2.0,1.4,4.4,3.9,8.8,0.55
Cam Reddish,2022-23,9.68,2.2,1.42,0.35,0.98,TOT,23.0,40,20,990,0.446,0.313,64,75,0.853,Cam Reddish,1.18,1.8,1.12,3.6,3.48,7.8,0.45
Cam Reddish,2023-24,5.42,2.06,1.0,0.29,0.98,LAL,24.0,48,26,984,0.389,0.336,41,54,0.759,Cam Reddish,0.65,1.3,0.77,2.29,1.9,4.88,0.56
Cam Reddish,2024-25,3.18,2.0,0.67,0.3,1.0,LAL,25.0,33,8,589,0.404,0.277,16,26,0.615,Cam Reddish,0.36,1.3,0.39,1.42,1.15,2.85,0.52
JJ Redick,2006-07,6.0,1.24,0.86,0.0,0.29,ORL,23.0,42,0,622,0.41,0.388,54,60,0.9,JJ Redick,0.5,1.2,0.9,2.33,1.9,4.64,0.24
JJ Redick,2007-08,4.12,0.68,0.47,0.0,0.12,ORL,24.0,34,0,276,0.444,0.395,27,34,0.794,JJ Redick,0.44,0.9,0.5,1.26,1.41,3.18,0.03
JJ Redick,2008-09,5.97,1.7,1.14,0.02,0.33,ORL,25.0,64,5,1111,0.391,0.374,81,93,0.871,JJ Redick,0.84,1.1,1.05,2.8,1.83,4.67,0.12
JJ Redick,2009-10,9.61,1.89,1.93,0.05,0.34,ORL,26.0,82,9,1808,0.439,0.405,191,222,0.86,JJ Redick,0.77,1.4,1.35,3.34,2.96,6.74,0.21
JJ Redick,2010-11,10.05,1.92,1.73,0.05,0.49,ORL,27.0,59,5,1513,0.441,0.397,112,128,0.875,JJ Redick,0.9,1.4,1.47,3.71,3.34,7.58,0.1
JJ Redick,2011-12,11.55,2.31,2.52,0.09,0.42,ORL,28.0,65,22,1765,0.425,0.418,143,157,0.911,JJ Redick,1.05,1.4,1.72,4.12,3.82,8.98,0.28
JJ Redick,2012-13,15.12,2.38,4.4,0.1,0.58,ORL,29.0,50,11,1575,0.45,0.39,115,129,0.891,JJ Redick,2.1,1.4,2.34,6.0,5.24,11.64,0.18
JJ Redick,2012-13,12.29,1.86,2.71,0.14,0.32,MIL,29.0,28,2,804,0.403,0.318,56,61,0.918,JJ Redick,1.18,1.7,1.71,5.39,4.29,10.64,0.29
JJ Redick,2012-13,14.1,2.19,3.79,0.12,0.49,TOT,29.0,78,13,2379,0.434,0.366,171,190,0.9,JJ Redick,1.77,1.5,2.12,5.78,4.9,11.28,0.22
JJ Redick,2013-14,15.2,2.11,2.23,0.09,0.8,LAC,30.0,35,34,987,0.455,0.395,97,106,0.915,JJ Redick,1.2,1.9,2.09,5.29,5.17,11.37,0.26
JJ Redick,2014-15,16.37,2.14,1.76,0.1,0.5,LAC,31.0,78,78,2409,0.477,0.437,183,203,0.901,JJ Redick,1.22,1.7,2.56,5.87,5.73,12.03,0.28
JJ Redick,2015-16,16.35,1.85,1.41,0.07,0.56,LAC,32.0,75,75,2097,0.48,0.475,182,205,0.888,JJ Redick,1.04,1.8,2.67,5.61,5.63,11.73,0.13
JJ Redick,2016-17,15.04,2.19,1.41,0.17,0.69,LAC,33.0,78,78,2198,0.445,0.429,180,202,0.891,JJ Redick,1.26,1.6,2.58,6.0,5.08,11.41,0.14
JJ Redick,2017-18,17.11,2.54,3.0,0.09,0.5,PHI,34.0,70,70,2116,0.46,0.42,197,218,0.904,JJ Redick,1.47,1.8,2.76,6.57,5.77,12.56,0.13
JJ Redick,2018-19,18.05,2.45,2.71,0.22,0.42,PHI,35.0,76,63,2379,0.44,0.397,228,255,0.894,JJ Redick,1.33,1.7,3.16,7.96,5.95,13.51,0.26
JJ Redick,2019-20,15.28,2.52,1.98,0.17,0.33,NOP,36.0,60,36,1581,0.453,0.453,165,185,0.892,JJ Redick,1.25,1.6,3.0,6.62,4.77,10.52,0.17
JJ Redick,2020-21,8.71,1.68,1.29,0.06,0.29,NOP,37.0,31,0,577,0.407,0.364,45,47,0.957,JJ Redick,0.81,1.2,1.65,4.52,2.81,6.9,0.1
JJ Redick,2020-21,4.38,0.92,0.85,0.08,0.15,DAL,37.0,13,0,147,0.358,0.395,4,5,0.8,JJ Redick,0.85,1.0,1.15,2.92,1.46,4.08,0.08
JJ Redick,2020-21,7.43,1.45,1.16,0.07,0.25,TOT,37.0,44,0,723,0.397,0.371,49,52,0.942,JJ Redick,0.82,1.1,1.5,4.05,2.41,6.07,0.09
Davon Reed,2017-18,3.0,1.86,0.62,0.1,0.48,PHX,23.0,21,1,242,0.289,0.289,8,12,0.667,Davon Reed,0.48,0.8,0.52,1.81,1.05,3.62,0.1
Davon Reed,2018-19,1.2,0.6,0.3,0.0,0.1,IND,24.0,10,0,47,0.417,0.5,0,0,0.0,Davon Reed,0.1,0.3,0.2,0.4,0.5,1.2,0.2
Davon Reed,2021-22,4.35,2.25,1.1,0.19,0.5,DEN,27.0,48,5,668,0.503,0.43,10,15,0.667,Davon Reed,0.33,1.3,0.77,1.79,1.69,3.35,0.29
Davon Reed,2022-23,2.31,1.57,0.54,0.11,0.37,DEN,28.0,35,1,316,0.313,0.364,15,20,0.75,Davon Reed,0.57,1.0,0.46,1.26,0.71,2.29,0.26
Davon Reed,2022-23,1.0,0.5,0.5,0.0,0.25,LAL,28.0,8,0,27,0.75,0.5,1,4,0.25,Davon Reed,0.0,0.4,0.12,0.25,0.38,0.5,0.12
Davon Reed,2022-23,2.07,1.37,0.53,0.09,0.35,TOT,28.0,43,1,343,0.333,0.37,16,24,0.667,Davon Reed,0.47,0.9,0.4,1.07,0.65,1.95,0.23
Justin Reed,2004-05,1.78,0.7,0.43,0.04,0.13,BOS,23.0,23,0,121,0.517,0.0,11,15,0.733,Justin Reed,0.22,0.5,0.0,0.13,0.65,1.26,0.35
Justin Reed,2005-06,2.34,0.91,0.22,0.12,0.16,BOS,24.0,32,0,291,0.338,0.0,25,40,0.625,Justin Reed,0.47,1.4,0.0,0.0,0.78,2.31,0.41
Justin Reed,2005-06,6.25,2.38,0.85,0.28,0.45,MIN,24.0,40,6,706,0.425,0.0,62,80,0.775,Justin Reed,0.92,3.0,0.0,0.02,2.35,5.52,1.0
Justin Reed,2005-06,4.51,1.72,0.57,0.21,0.32,TOT,24.0,72,6,997,0.403,0.0,87,120,0.725,Justin Reed,0.72,2.3,0.0,0.01,1.65,4.1,0.74
Justin Reed,2006-07,2.59,1.12,0.41,0.07,0.12,MIN,25.0,41,3,318,0.374,0.0,26,30,0.867,Justin Reed,0.54,1.1,0.0,0.0,0.98,2.61,0.37
Paul Reed,2020-21,3.38,2.35,0.46,0.5,0.38,PHI,22.0,26,0,177,0.538,0.0,4,8,0.5,Paul Reed,0.46,1.1,0.0,0.23,1.62,3.0,1.15
Paul Reed,2021-22,3.05,2.42,0.42,0.37,0.87,PHI,23.0,38,2,303,0.563,0.25,6,14,0.429,Paul Reed,0.26,1.5,0.05,0.21,1.42,2.53,1.16
Paul Reed,2022-23,4.16,3.8,0.39,0.74,0.67,PHI,24.0,69,2,755,0.593,0.167,38,51,0.745,Paul Reed,0.65,1.8,0.01,0.09,1.8,3.03,1.62
Paul Reed,2023-24,7.32,5.95,1.33,1.02,0.82,PHI,25.0,82,24,1589,0.54,0.368,61,85,0.718,Paul Reed,0.82,2.4,0.26,0.7,3.16,5.85,2.35
Paul Reed,2024-25,4.09,2.73,0.98,0.56,0.87,DET,26.0,45,0,438,0.507,0.286,32,42,0.762,Paul Reed,0.58,1.7,0.18,0.62,1.6,3.16,0.89
Paul Reed,2025-26,4.44,3.56,0.44,0.67,0.67,DET,26.0,9,0,85,0.655,0.5,0,4,0.0,Paul Reed,0.67,1.8,0.22,0.44,2.11,3.22,1.78
Willie Reed,2015-16,4.67,3.13,0.26,0.77,0.15,BKN,26.0,39,2,426,0.571,0.0,30,55,0.545,Willie Reed,0.41,1.2,0.0,0.0,1.95,3.41,1.26
Willie Reed,2016-17,5.27,4.68,0.37,0.66,0.25,MIA,27.0,71,5,1031,0.568,0.25,49,88,0.557,Willie Reed,0.44,1.9,0.01,0.06,2.28,4.01,1.82
Willie Reed,2017-18,4.95,3.08,0.23,0.56,0.23,LAC,28.0,39,5,419,0.667,0.5,32,55,0.582,Willie Reed,0.49,1.4,0.03,0.05,2.05,3.08,0.9
Willie Reed,2017-18,0.67,0.33,0.33,0.0,0.0,DET,28.0,3,0,9,1.0,0.0,0,0,0.0,Willie Reed,0.0,1.0,0.0,0.0,0.33,0.33,0.0
Willie Reed,2017-18,4.64,2.88,0.24,0.52,0.21,TOT,28.0,42,5,428,0.669,0.5,32,55,0.582,Willie Reed,0.45,1.3,0.02,0.05,1.93,2.88,0.83
Alex Reese,2024-25,2.0,1.0,0.0,0.0,0.0,OKC,26.0,1,0,2,1.0,0.0,0,0,0.0,Alex Reese,0.0,0.0,0.0,0.0,1.0,1.0,1.0
Alex Reese,2024-25,5.29,3.29,0.29,0.71,0.71,PHI,26.0,14,0,214,0.472,0.366,9,12,0.75,Alex Reese,0.43,1.5,1.07,2.93,1.79,3.79,0.57
Alex Reese,2024-25,5.07,3.13,0.27,0.67,0.67,TOT,26.0,15,0,216,0.481,0.366,9,12,0.75,Alex Reese,0.4,1.4,1.0,2.73,1.73,3.6,0.6
Antonio Reeves,2024-25,6.93,1.43,0.89,0.09,0.48,NOP,24.0,44,6,660,0.456,0.395,28,35,0.8,Antonio Reeves,0.68,0.9,1.16,2.93,2.57,5.64,0.41
Naz Reid,2019-20,8.97,4.13,1.17,0.73,0.63,MIN,20.0,30,11,495,0.412,0.33,37,53,0.698,Naz Reid,0.73,2.8,1.07,3.23,3.33,8.1,1.13
Naz Reid,2020-21,11.2,4.6,1.03,1.09,0.49,MIN,21.0,70,15,1347,0.523,0.351,115,166,0.693,Naz Reid,0.99,2.6,0.87,2.49,4.34,8.3,1.17
Naz Reid,2021-22,8.27,3.91,0.92,0.92,0.52,MIN,22.0,77,6,1215,0.489,0.343,114,149,0.765,Naz Reid,1.06,2.2,0.74,2.16,3.03,6.18,1.32
Naz Reid,2022-23,11.49,4.9,1.13,0.78,0.62,MIN,23.0,68,11,1251,0.537,0.346,86,127,0.677,Naz Reid,1.35,2.6,1.1,3.19,4.56,8.49,1.07
Naz Reid,2023-24,13.46,5.22,1.31,0.9,0.78,MIN,24.0,81,14,1964,0.477,0.414,109,148,0.736,Naz Reid,1.37,2.1,2.09,5.04,5.01,10.51,0.9
Naz Reid,2024-25,14.22,6.0,2.26,0.9,0.72,MIN,25.0,80,17,2200,0.462,0.379,111,143,0.776,Naz Reid,1.35,2.4,2.19,5.78,5.32,11.54,1.15
Naz Reid,2025-26,10.82,5.0,1.82,0.91,0.91,MIN,26.0,11,0,259,0.421,0.321,11,17,0.647,Naz Reid,1.27,2.4,1.64,5.09,4.09,9.73,1.09
Jared Reiner,2004-05,1.11,2.0,0.05,0.37,0.16,CHI,23.0,19,2,132,0.333,0.0,1,4,0.25,Jared Reiner,0.47,1.8,0.0,0.0,0.53,1.58,0.68
Jared Reiner,2006-07,1.22,2.63,0.48,0.22,0.19,MIL,25.0,27,2,244,0.349,0.0,3,10,0.3,Jared Reiner,0.52,1.7,0.0,0.0,0.56,1.59,0.78
